:020000040800F2
:1000000000000220DD5F0008CD5B0008D55B000822
:10001000DD5B0008E55B0008ED5B00080000000008
:10002000000000000000000000000000F55B000878
:10003000035C000800000000115C00081F5C000861
:100040002D6000082D6000082D6000082D6000085C
:100050002D6000082D6000082D6000082D6000084C
:100060002D6000082D6000082D6000082D6000083C
:100070002D6000082D6000082D6000082D6000082C
:100080002D6000082D6000082D5C00082D60000820
:100090002D6000082D6000082D6000082D6000080C
:1000A0002D6000082D6000082D6000082D600008FC
:1000B0002D6000082D6000082D6000082D600008EC
:1000C0002D6000082D6000082D6000082D600008DC
:1000D0002D6000082D6000082D600008495C0008B4
:1000E0005D5C00082D6000082D6000082D60000890
:1000F0002D6000082D6000082D6000082D600008AC
:100100002D6000082D6000082D6000082D6000089B
:100110002D6000082D6000082D6000086D5C00084F
:100120002D6000082D6000082D6000082D6000087B
:100130002D6000082D6000082D6000082D6000086B
:100140002D6000082D6000082D6000082D6000085B
:100150002D6000082D6000082D6000082D6000084B
:100160002D6000082D6000082D6000082D6000083B
:100170002D6000082D6000082D60000800000000C0
:080180002D6000082D6000084D
:1001900010B5054C237833B9044B13B10448AFF3C1
:1001A00000800123237010BD6C03002000000000BC
:1001B0001008010808B5034B1BB103490348AFF30E
:1001C000008008BD00000000700300201008010836
:1001D00001F0FF01102A2BDB10F0070F08D010F8F8
:1001E000013B013A8B422DD010F0070F42B3F6D1FC
:1001F000F0B441EA012141EA014122F007047FF015
:1002000000070023F0E80256083C85EA010586EA6B
:10021000010685FA47F5A3FA87F586FA47F6A5FAA7
:1002200087F68EB9EED1F0BC01F0FF0102F00702B3
:1002300032B110F8013B013A83EA010313B1F8D15E
:100240000020704701387047002D06BF354603383F
:10025000073815F0010F07D1013015F4807F02BF78
:10026000013015F4C03F0130F0BC0138704700BFC9
:10027000034613F8012B002AFBD1181A01387047E6
:1002800081F0004102E000BF83F0004330B54FEA47
:1002900041044FEA430594EA050F08BF90EA020FB4
:1002A0001FBF54EA000C55EA020C7FEA645C7FEA47
:1002B000655C00F0E2804FEA5454D4EB5555B8BF6A
:1002C0006D420CDD2C4480EA020281EA030382EADB
:1002D000000083EA010180EA020281EA0303362D6D
:1002E00088BF30BD11F0004F4FEA01314FF4801C40
:1002F0004CEA113102D0404261EB410113F0004F52
:100300004FEA03334CEA133302D0524263EB430308
:1003100094EA050F00F0A780A4F10104D5F1200EA6
:100320000DDB02FA0EFC22FA05F2801841F1000101
:1003300003FA0EF2801843FA05F359410EE0A5F1D5
:1003400020050EF1200E012A03FA0EFC28BF4CF006
:10035000020C43FA05F3C01851EBE37101F00045BC
:1003600007D54FF0000EDCF1000C7EEB00006EEBC9
:100370000101B1F5801F1BD3B1F5001F0CD3490853
:100380005FEA30004FEA3C0C04F101044FEA4452AA
:1003900012F5800F80F09A80BCF1004F08BF5FEA31
:1003A000500C50F1000041EB045141EA050130BD11
:1003B0005FEA4C0C404141EB0101013C28BFB1F523
:1003C000801FE9D291F0000F04BF01460020B1FA6E
:1003D00081F308BF2033A3F10B03B3F120020CDA41
:1003E0000C3208DD02F1140CC2F10C0201FA0CF01F
:1003F00021FA02F10CE002F11402D8BFC2F1200C84
:1004000001FA02F120FA0CFCDCBF41EA0C01904039
:10041000E41AA2BF01EB0451294330BD6FEA040482
:100420001F3C1CDA0C340EDC04F11404C4F120026D
:1004300020FA04F001FA02F340EA030021FA04F37F
:1004400045EA030130BDC4F10C04C4F1200220FAD6
:1004500002F001FA04F340EA0300294630BD21FA14
:1004600004F0294630BD94F0000F83F4801306BFDA
:1004700081F480110134013D4EE77FEA645C18BFCE
:100480007FEA655C29D094EA050F08BF90EA020F65
:1004900005D054EA000C04BF1946104630BD91EA5D
:1004A000030F1EBF0021002030BD5FEA545C05D160
:1004B0004000494128BF41F0004130BD14F580049F
:1004C0003CBF01F5801130BD01F0004545F0FE4113
:1004D00041F470014FF0000030BD7FEA645C1ABF48
:1004E000194610467FEA655C1CBF0B46024650EA7F
:1004F000013406BF52EA033591EA030F41F40021AB
:1005000030BD00BF90F0000F04BF0021704730B530
:100510004FF4806404F132044FF000054FF0000105
:1005200050E700BF90F0000F04BF0021704730B5C6
:100530004FF4806404F1320410F0004548BF40429B
:100540004FF000013EE700BF42004FEAE2014FEAF0
:1005500031014FEA02701FBF12F07F4393F07F4FCB
:1005600081F06051704732F07F4208BF704793F0CE
:100570007F4F04BF41F40021704730B54FF46074E1
:1005800001F0004521F000411CE700BF50EA0102E4
:1005900008BF704730B54FF000050AE050EA01028D
:1005A00008BF704730B511F0004502D5404261EBFD
:1005B00041014FF4806404F132045FEA915C3FF43E
:1005C000D8AE4FF003025FEADC0C18BF03325FEADB
:1005D000DC0C18BF033202EBDC02C2F1200300FA8C
:1005E00003FC20FA02F001FA03FE40EA0E0021FAB1
:1005F00002F11444BDE600BF70B54FF0FF0C4CF49F
:10060000E06C1CEA11541DBF1CEA135594EA0C0F50
:1006100095EA0C0F00F0DEF82C4481EA030621EA8B
:100620004C5123EA4C5350EA013518BF52EA0335C6
:1006300041F4801143F4801338D0A0FB02CE4FF078
:100640000005E1FB02E506F00042E0FB03E54FF0A8
:100650000006E1FB03569CF0000F18BF4EF0010EA0
:10066000A4F1FF04B6F5007F64F5407404D25FEA9C
:100670004E0E6D4146EB060642EAC62141EA55514F
:100680004FEAC52040EA5E504FEACE2EB4F1FD0C91
:1006900088BFBCF5E06F1ED8BEF1004F08BF5FEA0F
:1006A000500E50F1000041EB045170BD06F00046C1
:1006B00046EA010140EA020081EA0301B4EB5C046E
:1006C000C2BFD4EB0C0541EA045170BD41F4801166
:1006D0004FF0000E013C00F3AB8014F1360FDEBF8B
:1006E000002001F0004170BDC4F10004203C35DA67
:1006F0000C341BDC04F11404C4F1200500FA05F3EA
:1007000020FA04F001FA05F240EA020001F000428A
:1007100021F0004110EBD37021FA04F642EB060100
:100720005EEA430E08BF20EAD37070BDC4F10C042A
:10073000C4F1200500FA04F320FA05F001FA04F2EE
:1007400040EA020001F0004110EBD37041F10001DA
:100750005EEA430E08BF20EAD37070BDC4F12005E5
:1007600000FA05F24EEA020E20FA04F301FA05F24D
:1007700043EA020321FA04F001F0004121FA04F2F5
:1007800020EA020000EBD3705EEA430E08BF20EAC5
:10079000D37070BD94F0000F0FD101F000464000FF
:1007A00041EB010111F4801F08BF013CF7D041EA81
:1007B000060195F0000F18BF704703F00046520085
:1007C00043EB030313F4801F08BF013DF7D043EA56
:1007D0000603704794EA0C0F0CEA135518BF95EA0C
:1007E0000C0F0CD050EA410618BF52EA4306D1D193
:1007F00081EA030101F000414FF0000070BD50EAB2
:10080000410606BF1046194652EA430619D094EA3B
:100810000C0F02D150EA013613D195EA0C0F05D125
:1008200052EA03361CBF104619460AD181EA030179
:1008300001F0004141F0FE4141F470014FF0000031
:1008400070BD41F0FE4141F4780170BD70B54FF0CC
:10085000FF0C4CF4E06C1CEA11541DBF1CEA13554C
:1008600094EA0C0F95EA0C0F00F0A7F8A4EB05042E
:1008700081EA030E52EA03354FEA013100F0888025
:100880004FEA03334FF0805545EA131343EA1263EE
:100890004FEA022245EA111545EA10654FEA0026A3
:1008A0000EF000419D4208BF964244F1FD0404F55C
:1008B000407402D25B084FEA3202B61A65EB0305B8
:1008C0005B084FEA32024FF480104FF4002CB6EB75
:1008D000020E75EB030E22BFB61A754640EA0C00F5
:1008E0005B084FEA3202B6EB020E75EB030E22BF35
:1008F000B61A754640EA5C005B084FEA3202B6EB76
:10090000020E75EB030E22BFB61A754640EA9C0034
:100910005B084FEA3202B6EB020E75EB030E22BF04
:10092000B61A754640EADC0055EA060E18D04FEAC2
:10093000051545EA16754FEA06164FEAC30343EA62
:1009400052734FEAC2025FEA1C1CC0D111F4801F2F
:100950000BD141EA00014FF000004FF0004CB6E728
:1009600011F4801F04BF01430020B4F1FD0C88BFC7
:10097000BCF5E06F3FF6AFAEB5EB030C04BFB6EBD2
:10098000020C5FEA500C50F1000041EB045170BDC5
:100990000EF0004E4EEA113114EB5C04C2BFD4EBF2
:1009A0000C0541EA045170BD41F480114FF0000E76
:1009B000013C90E645EA060E8DE60CEA135594EAF2
:1009C0000C0F08BF95EA0C0F3FF43BAF94EA0C0FF5
:1009D0000AD150EA01347FF434AF95EA0C0F7FF46A
:1009E00025AF104619462CE795EA0C0F06D152EABE
:1009F00003353FF4FDAE1046194622E750EA4106A2
:100A000018BF52EA43067FF4C5AE50EA41047FF4B2
:100A10000DAF52EA43057FF4EBAE12E74FF0FF3C17
:100A200006E000BF4FF0010C02E000BF4FF0010CE8
:100A30004DF804CD4FEA410C7FEA6C5C4FEA430C61
:100A400018BF7FEA6C5C1BD001B050EA410C0CBFB0
:100A500052EA430C91EA030F02BF90EA020F002012
:100A6000704710F1000F91EA030F58BF994208BF79
:100A700090422CBFD8176FEAE37040F00100704736
:100A80004FEA410C7FEA6C5C02D150EA013C07D18D
:100A90004FEA430C7FEA6C5CD6D152EA033CD3D0D8
:100AA0005DF8040B704700BF8446104662468C46D2
:100AB0001946634600E000BF01B5FFF7B7FF002805
:100AC00048BF10F1000F01BD4DF808EDFFF7F4FF2E
:100AD0000CBF012000205DF808FB00BF4DF808EDB9
:100AE000FFF7EAFF34BF012000205DF808FB00BFDC
:100AF0004DF808EDFFF7E0FF94BF012000205DF8FE
:100B000008FB00BF4DF808EDFFF7CEFF94BF0120B2
:100B100000205DF808FB00BF4DF808EDFFF7C4FFAB
:100B200034BF012000205DF808FB00BF4FEA410CF4
:100B30007FEA6C5C02D150EA013C0AD14FEA430CD7
:100B40007FEA6C5C02D152EA033C02D14FF0000014
:100B500070474FF0010070474FEA410212F5001252
:100B600015D211D56FF47873B3EB625212D94FEAF4
:100B7000C12343F0004343EA505311F0004F23FADE
:100B800002F018BF404270474FF00000704750EA33
:100B9000013005D111F0004008BF6FF000407047F0
:100BA0004FF00000704700BF4FEA4102B2F1E0434E
:100BB00024BFB3F5001CDCF1FE5C0DD901F0004C44
:100BC0004FEAC0024CEA5070B2F1004F40EB830094
:100BD00008BF20F00100704711F0804F21D113F1C0
:100BE0003872BCBF01F00040704741F480114FEAF9
:100BF0005252C2F11802C2F1200C10FA0CF320FA82
:100C000002F018BF40F001004FEAC1234FEAD3239E
:100C100003FA0CFC40EA0C0023FA02F34FEA430308
:100C2000CCE77FEA625307D150EA01331EBF4FF091
:100C3000FE4040F44000704701F0004040F0FE40AC
:100C400040F40000704700BF53B94AB9002908BFFB
:100C500000281CBF4FF0FF314FF0FF3000F088B983
:100C6000ADF1080C6DE904CE00F006F8DDF804E003
:100C7000DDE9022304B070472DE9F047089D8E4658
:100C800004468846002B4AD18A42174662D9B2FAF6
:100C900082F64EB1C6F1200301FA06F820FA03F3FA
:100CA000B74043EA0808B4404FEA174E1FFA87FCE2
:100CB000B8FBFEF1230C0EFB118843EA084301FB4D
:100CC0000CF29A4209D9FB1801F1FF3080F0EA805A
:100CD0009A4240F2E78002393B449A1AA3B2B2FB2F
:100CE000FEF00EFB102243EA024300FB0CFC9C4585
:100CF00009D9FB1800F1FF3280F0D6809C4540F204
:100D0000D3803B44023840EA0140A3EB0C030021AE
:100D10001DB1F3400022C5E90032BDE8F0878B42E7
:100D200005D90DB1C5E9000100210846F5E7B3FA80
:100D300083F1002946D1734502D3824200F2058136
:100D4000841A6EEB030201209046002DE5D0C5E920
:100D50000048E2E7002A00F09080B2FA82F6002E06
:100D600040F0A4808A1A030C4FEA174E80B2BCB23E
:100D70000121B2FBFEFC0EFB1C2243EA024304FBF2
:100D80000CF29A4207D9FB180CF1FF3802D29A42B2
:100D900000F2E080C4469B1AB3FBFEF20EFB123356
:100DA00040EA034302FB04F49C4207D9FB1802F11A
:100DB000FF3002D29C4200F2CA8002461B1B42EA6C
:100DC0000C40A5E7C1F120068B4022FA06F71F432D
:100DD0000EFA01F420FA06F32EFA06FE4FEA17493E
:100DE000234300FA01F81FFA87FCBEFBF9F01C0C44
:100DF00009FB10EE44EA0E4400FB0CFEA64502FA85
:100E000001F209D93C1900F1FF3A80F09C80A64517
:100E100040F2998002383C44A4EB0E041FFA83FE92
:100E2000B4FBF9F309FB13444EEA044403FB0CFC46
:100E3000A44508D93C1903F1FF3E80F08280A44507
:100E40007FD9023B3C4443EA0040A4EB0C04A0FBE6
:100E500002EC64457346E14662D35FD05DB1B8EB06
:100E6000030264EB090404FA06F622FA01F31E43B6
:100E7000CC40C5E9006400214FE7B1FBF2FC010C56
:100E800041EA0E4180B240EA01423B4638463C46C8
:100E9000B846BE462026B1FBF7F1A2EB080241EAB4
:100EA0000C4166E7014618E710462CE7C6F1200220
:100EB0002EFA02F3B740B14020FA02F24FEA174E81
:100EC0000A43B3FBFEF8BCB20EFB1833110C41EA27
:100ED000034108FB04F9B04089454FEA104380B252
:100EE0003ED9791808F1FF3C01D289451FD8A1EB02
:100EF0000901B1FBFEF909FB04F80EFB191192B2CE
:100F000042EA0142424529D2BA1809F1FF31C4D25E
:100F10004245C2D2A9F102013A44BEE7F0459DD252
:100F2000BEEB02036CEB070C0138E14696E7A7EB3A
:100F300009094944A8F1020CB1FBFEF909FB04F8C8
:100F4000DBE773467FE7504666E70846FDE63B442D
:100F5000023A33E7ACF1020C3B441CE749469CE7FC
:100F6000A1EB0901C446B1FBFEF909FB04F8C4E793
:100F7000704700BF80B58AB004AFF8600B467A6056
:100F8000FB720023FB757B68DBB21B01DBB27B7558
:100F9000FB7A002B01D1682300E06923BB75BB7D80
:100FA0009BB25B0099B20A2302930123019307F1DC
:100FB0001503009301237F22F86806F0D5FA034653
:100FC000FB75FB7D18461837BD4680BD80B588B0DF
:100FD00004AF7860084611461A460346FB700B467C
:100FE000BB7013467B700023FB73FB78002B01D191
:100FF000682300E06923BB73BB7B9BB25B0099B2A3
:10100000BB789AB20A230293012301937B1C0093BD
:101010000123786806F0A8FA0346FB73FB7B1846A9
:101020001037BD4680BD80B588B004AF78600846F3
:1010300011461A460346FB700B46BB7013463B80B5
:101040000023FB73FB78002B01D1682300E06923A8
:10105000BB73BB7B9BB25B0099B2BB789AB20A238D
:1010600002933B880193BB6900930123786806F0E3
:1010700075FB0346FB73FB7B18461037BD4680BDEE
:1010800080B588B004AF78600B46FB701346BB7028
:101090000023FB73FB789AB20A2302930123019386
:1010A000BB1C009301231821786806F05DFA034603
:1010B000FB73FB7B18461037BD4680BD80B58AB0F8
:1010C00004AFF8600B467A60FB720023FB75FB7A75
:1010D0009AB20A230293012301937B6800930123B0
:1010E0001821F86806F03AFB0346FB75FB7D1846AD
:1010F0001837BD4680BD80B58AB004AFF8607B600C
:101100000B46FB7213463B810023FB75FB7A9AB2B8
:101110000A2302933B8901937B68009301231821E2
:10112000F86806F01BFB0346FB75FB7D1846183775
:10113000BD4680BD80B584B000AF786008461146DA
:101140001A460346FB700B46BB7013467B700023A8
:10115000FB73FB78002219467868FFF70BFF034604
:10116000FB73F978802306227868FFF72FFF034688
:10117000FB73C82004F0CEFFF978012306227868BB
:10118000FFF724FF0346FB73F978002307227868F2
:10119000FFF71CFF0346FB73FB78022219467868B1
:1011A000FFF7E8FE0346FB7397F902305B005BB282
:1011B00043F001035BB2DBB2F97801227868FFF7F4
:1011C00005FF0346FB73F978042300227868FFF7D4
:1011D000FDFE0346FB7397F901305B005BB243F001
:1011E00009035BB2DBB2F97814227868FFF7EEFEF0
:1011F0000346FB73F978042311227868FFF7E6FEB3
:101200000346FB73FB78002219467868FFF7B2FEAD
:101210000346FB73F97802230F227868FFF7D6FEA6
:101220000346FB73082231217868FFF729FF034644
:10123000FB7300BF1037BD4680BD000000000000FA
:1012400080B588B002AFF8607B600B46FB72134636
:10125000BB72F97A07F11403009302233722F8686E
:10126000FFF7E1FE3B7D1BB21B021AB27B7D1BB276
:101270001343FB82B7F916305B4207EE903AF8EE63
:10128000E77A7B68C3ED007ABB7A032B48D801A2CA
:1012900052F823F0A5120008BB120008D112000872
:1012A000F91200087B6893ED007ADFED236AC7EE40
:1012B000267A7B68C3ED007A32E07B6893ED007A92
:1012C000DFED1E6AC7EE267A7B68C3ED007A27E061
:1012D0007B681B681846FFF737F913A3D3E900238F
:1012E000FFF7B4FA02460B4610461946FFF75CFCBE
:1012F00002467B681A6013E07B681B681846FFF79C
:1013000023F90BA3D3E90023FFF7A0FA02460B460B
:1013100010461946FFF748FC02467B681A6000BF7A
:1013200000BF1837BD4680BD66666666666640408B
:1013300066666666666630400000034300008342CE
:1013400080B58EB002AFF8607B600B46FB7213462F
:10135000BB72F97A07F12803009306232D22F8685F
:10136000FFF761FE97F828301BB21B021AB297F8FC
:1013700029301BB213431BB23B8497F82A301BB2AF
:101380001B021AB297F82B301BB213431BB27B849B
:1013900097F82C301BB21B021AB297F82D301BB2F3
:1013A00013431BB2BB84B7F9203007EE903AF8EE36
:1013B000E77AC7ED057AB7F9223007EE903AF8EEF2
:1013C000E77AC7ED067AB7F9243007EE903AF8EEDF
:1013D000E77AC7ED077ABB7A032B00F2838001A27C
:1013E00052F823F0F5130008311400086D140008BA
:1013F000A914000897ED057ADFED3C6AC7EE267A5E
:101400007B68C3ED007A97ED067A7B680433DFEDE5
:10141000376AC7EE267AC3ED007A97ED077A7B68C4
:101420000833DFED326AC7EE267AC3ED007A59E061
:1014300097ED057ADFED2E6AC7EE267A7B68C3ED5D
:10144000007A97ED067A7B680433DFED296AC7EEF0
:10145000267AC3ED007A97ED077A7B680833DFEDD3
:10146000246AC7EE267AC3ED007A3BE097ED057A51
:10147000DFED206AC7EE267A7B68C3ED007A97ED30
:10148000067A7B680433DFED1B6AC7EE267AC3ED6C
:10149000007A97ED077A7B680833DFED166AC7EEAE
:1014A000267AC3ED007A1DE097ED057ADFED126A2A
:1014B000C7EE267A7B68C3ED007A97ED067A7B68E3
:1014C0000433DFED0D6AC7EE267AC3ED007A97ED9F
:1014D000077A7B680833DFED086AC7EE267AC3ED2A
:1014E000007A00BF00BF3037BD4680BD0000804697
:1014F000000000460000804500000045000000009C
:1015000090B587B000AF7860396007F1100304220E
:1015100011217868FFF7EFFD07F10F031A46182134
:101520007868FFF7CBFD0023FB752BE0FB7D5B00AC
:10153000013318333B4413F8083C1BB21B021AB2A8
:10154000FB7D5B0018333B4413F8083C1BB213438C
:10155000BB82B7F914301846FEF7E4FF0EA3D3E9B7
:101560000023FFF749F802460B4610461946FB7D5B
:101570009B003A68D418FFF717FB03462360FB7DF6
:101580000133FB75FB7D012BD0D900BF00BF1C3799
:10159000BD4690BDAFF30080333333333333C33FA5
:1015A00080B582B000AF87ED010A97ED010A00F027
:1015B00005F800BF0837BD4680BD000080B582B089
:1015C00000AF87ED010AB2EE021AF2EE0C0A97EDB7
:1015D000010A034800F0C4FD00BF0837BD4680BDC6
:1015E0008803002080B582B000AF1C200AF028F8E4
:1015F00003467B607B6800221A707B6801225A7068
:101600007B6800225A727B6800229A727B684FF0D6
:101610000002DA607B684FF000025A617B680022AA
:101620001A747B6800229A617B6818460837BD46A9
:1016300080BD80B586B000AFF860B9601346FB711D
:10164000BB681B7A0133FB75FB7D184609F0F8FF78
:1016500003463B613B69FA791A703B69581CBB68C9
:101660005968FB7D013B1A460AF005FFFB7D9AB2E3
:101670004FF0FF333969F86808F07FFD386909F0E9
:10168000E7FF00BF1837BD4680BD000080B588B0B9
:1016900000AFF860B9601346FB71FFF7A3FFB861B4
:1016A000BB681B78FB75BB683B61FB7D443B332B00
:1016B00000F21E8101A252F823F000BF8D1700082E
:1016C000F1180008F1180008F1180008F1180008D6
:1016D000F1180008F1180008F1180008DD170008DB
:1016E00095170008F1180008F1180008F118000813
:1016F000F1180008EB1700089D170008A51700084F
:10170000F1180008F1180008B3170008F1180008D4
:10171000F1180008F1180008F1180008F118000885
:10172000F1180008F1180008F1180008F118000875
:10173000F1180008F1180008F1180008F118000865
:10174000F1180008F1180008F1180008F118000855
:10175000F1180008F1180008F1180008F91700083E
:10176000F1180008F1180008F1180008F118000835
:10177000F118000807180008F1180008C117000840
:10178000F1180008F1180008CF170008BB69012202
:101790001A703FE0BB6902221A703BE0BB6900226D
:1017A0005A7237E0BB6901225A72BB6900221A746F
:1017B00030E0BB6901225A72BB6901221A7429E028
:1017C000BB69FF225A72BB6900221A7422E0BB690E
:1017D000FF225A72BB6901221A741BE0BB69012205
:1017E0005A72BB6902221A7414E0BB6901225A7250
:1017F000BB6903221A740DE0BB69FF225A72BB69F0
:1018000002221A7406E0BB69FF225A72BB690322E6
:101810001A7400BFBB691B78002B2FD1FB7D532BA3
:101820002CD03B6901333B6107F1100303227C217B
:10183000184600F065F90346DAB2BB699A723B6953
:1018400001333B6107F1100306227C21184600F0AA
:1018500097F9F0EE407ABB69C3ED037A3B69013337
:101860003B6107F1100306220A21184600F088F9AF
:10187000F0EE407ABB69C3ED057A05E03B690133C0
:101880003B613B690A221A703A69BB68D31ADBB222
:101890000133BB75BB69BA7D1A72BB7D184609F06E
:1018A000CFFE03461A46BB695A60BB695B68BA7DC6
:1018B000B96818460AF0DFFD0F4B1B68002B03D1F7
:1018C0000D4ABB6913600DE00B4B1B68FB6102E026
:1018D000FB699B69FB61FB699B69002BF8D1FB6984
:1018E000BA699A617222B969F868FFF7A2FE00E04E
:1018F00000BF2037BD4680BD9403002080B483B074
:1019000000AF094B1B687B60074B1B68002B04D0A2
:10191000054B1B689B69044A13607B6818460C37AB
:10192000BD465DF8047B70479403002080B400AF8F
:10193000034B1B681846BD465DF8047B704700BF2B
:101940009403002080B483B000AF0A4B1B687B6017
:1019500002E07B689B697B607B68002B03D07B681F
:101960001B78002BF5D17B6818460C37BD465DF817
:10197000047B70479403002080B582B000AF78608C
:1019800039603B685B78002B04D066223968786840
:10199000FFF74FFE3B685B68184609F059FE386850
:1019A00009F056FE00BF0837BD4680BD80B483B045
:1019B00000AF786039607B6893F909203B6893F940
:1019C00009309A4218D17B689A7A3B689B7A9A428E
:1019D00012D17B6893ED037A3B68D3ED037AB4EEC2
:1019E000677AF1EE10FA07D17B681A7C3B681B7CA2
:1019F0009A4201D1012300E00023DBB218460C37E4
:101A0000BD465DF8047B704780B483B000AF87EDBE
:101A1000010AD7ED017AF5EEC07AF1EE10FA04D59D
:101A2000D7ED017AF1EE677A01E0D7ED017AB0EEF9
:101A3000670A0C37BD465DF8047B704780B483B0FD
:101A400000AF87ED010AC7ED000A97ED017AD7EDE7
:101A5000007AB4EEE77AF1EE10FA01D57B6800E087
:101A60003B6807EE903AB0EE670A0C37BD465DF86A
:101A7000047B704780B483B000AF03460A46FB7115
:101A80001346BB71BA79FB79934228BF1346DBB288
:101A900018460C37BD465DF8047B704780B485B0AE
:101AA00000AF03460A46FB711346BB71BA79FB7956
:101AB000934238BF1346FB7318E0FB7BFA79B3FB04
:101AC000F2F101FB02F29B1ADBB2002B0BD1FB7B84
:101AD000BA79B3FBF2F101FB02F29B1ADBB2002BE5
:101AE00001D1FB7B06E0FB7B0133FB73FB7BFF2B10
:101AF000E3D1FB7B18461437BD465DF8047B704785
:101B000080B485B000AF78600B46FB701346BB70A5
:101B10000023FB737B681B681B78BB730023BB81AE
:101B20001DE0BB7B392B0ED8BB7B2F2B0BD9BB8980
:101B30001A46920013445B009AB2BB7B9BB21344DB
:101B40009BB2303BBB817B681B685A1C7B681A6068
:101B50007B681B681B78BB73FB7B0133FB73FA7BD1
:101B6000BB789A4203D2BA7BFB789A42D9D1BB891F
:101B700018461437BD465DF8047B7047000000002E
:101B800080B588B000AF78600B46FB701346BB7021
:101B90000023FB777B681B681B78BB7700237B7770
:101BA00001233B770023BB614FF000037B613C4B7B
:101BB0003B6151E0FB7F002B07D1BB7F2D2B04D174
:101BC0003B7F5B42DBB23B773AE0BB7F2E2B02D1FF
:101BD00001237B7734E0BB7F392B31D8BB7F2F2BA0
:101BE0002ED9BB7F303BFB737B7F002B1FD0FB7B51
:101BF00007EE903AB8EEE77AD7ED047A67EE277AE7
:101C000097ED057A77EE277AC7ED057A3869FEF702
:101C10009BFC21A3D3E90023FEF7EEFC02460B4612
:101C200010461946FEF7C0FF03463B6108E0BA695B
:101C300013469B0013445B001A46FB7B1344BB61B5
:101C40007B681B685A1C7B681A607B681B681B7862
:101C5000BB77FB7F0133FB77FA7FBB789A4203D2D5
:101C6000BA7FFB789A42A5D1BB6907EE903AB8EEED
:101C7000677AD7ED057A37EE277A97F91C3007EEA9
:101C8000903AF8EEE77A67EE277AB0EE670A2037E7
:101C9000BD4680BDAFF300809A9999999999B93F53
:101CA000CDCCCC3D0000000080B582B000AF87ED08
:101CB000010A97ED010AFFF7A7FE10EE103A184649
:101CC000FEF742FC1DA3D3E90023FEF795FC024674
:101CD0000B46104619464FF00002154BFEF7B6FDB5
:101CE00002460B4643EC172BB0EE470AF0EE670AAC
:101CF0000CF0EAFB51EC100B4FF000020D4BFEF71D
:101D00007BFC02460B46104619464FF000020A4B78
:101D1000FEF7BCFA02460B4610461946FEF744FF92
:101D2000034607EE903AB0EE670A0837BD4680BD1D
:101D3000008066400080204000002E40182D445452
:101D4000FB21094000000000B0B582B000AF87ED74
:101D5000010A97ED010AFFF7A7FF10EE103A1846A7
:101D6000FEF7F2FB04460D467868FEF7EDFB17A37D
:101D7000D3E90023FEF740FC02460B461046194605
:101D80004FF00002104BFEF761FD02460B4643EC9C
:101D9000172BB0EE470AF0EE670A0CF095FB53ECF8
:101DA000102B20462946FEF751FD02460B461046F1
:101DB0001946FEF7F9FE034607EE903AB0EE670AC1
:101DC0000837BD46B0BD00BF00806640182D4454A2
:101DD000FB21094080B586B000AF87ED010A97ED81
:101DE000010AFFF7B1FF87ED040A97ED010AFFF73B
:101DF0005BFFB0EE407AF0EE006AC7EE267AC7EDE0
:101E0000037AD7ED047A27EEA77AD7ED037A67EE47
:101E1000A77A77EE277A17EE900AFEF795FB02462F
:101E20000B4643EC102B0CF021FB53EC102B10460F
:101E30001946FEF7B9FE03467B61D7ED017AF5EE50
:101E4000C07AF1EE10FA05D5D7ED057AF1EE677A92
:101E5000C7ED057A7B6907EE903AB0EE670A18374E
:101E6000BD4680BD0000000080B582B000AF87EDA8
:101E7000010AC7ED000AD7ED016A97ED007AC6EEB8
:101E8000877A9FED0F7A67EE877A17EE900AFEF752
:101E90005BFB09A3D3E90023FEF7D8FC02460B46FF
:101EA00010461946FEF780FE034607EE903AB0EE64
:101EB000670A0837BD4680BD182D4454FB210940F0
:101EC000000034430000000080B582B000AF7860AD
:101ED0007B6807EE903AB8EEE77ADFED156AC7EE59
:101EE000267A77EEA77A17EE900AFEF72DFB0EA35F
:101EF000D3E90023FEF780FB02460B461046194645
:101F00004FF000020B4BFEF777FB02460B461046E4
:101F10001946FEF749FE034607EE903AB0EE670A0F
:101F20000837BD4680BD00BF182D4454FB21094031
:101F300000C0BC4400000A40B0B582B000AF87EDDD
:101F4000010AC7ED000A3868FEF7FEFA15A3D3E9C7
:101F50000023FEF751FB02460B4614461D467868E7
:101F6000FEF7F2FA02460B4620462946FEF744FBEE
:101F700002460B46104619464FF00002084BFEF78A
:101F800065FC02460B4610461946FEF70DFE034659
:101F900007EE903AB0EE670A0837BD46B0BD00BF05
:101FA00000807640182D4454FB21194080B582B042
:101FB00000AF7860054A7B681360044B1B681846C5
:101FC00006F01EFE00BF0837BD4680BD9803002006
:101FD00080B483B000AF0346FB800A4B1B681B68CC
:101FE00000225A6200BF074B1B681B685A6AFB88B5
:101FF0009A42F8D300BF00BF0C37BD465DF8047BA2
:10200000704700BF9803002080B500AF9FED020A23
:1020100000F004F800BF80BD0000000080B582B071
:1020200000AF87ED010AB6EE081ADFED0B0A9FED4F
:102030000B0A0B4800F094F80A4B4FF000021A60AC
:10204000084A7B685360074B4FF000029A6000BF5C
:102050000837BD4680BD00BF3E8724370000000022
:102060009C030020A803002080B483B000AF87ED5C
:10207000010AC7ED000A224B93ED007A204BD3ED05
:10208000016AD7ED017A66EEA77A77EE277A1C4BC4
:10209000C3ED007A1A4B93ED017AD7ED006AD7EDC4
:1020A000017A66EEA77A77EE277A154BC3ED017AAF
:1020B000144B93ED017AD7ED017A67EEA76A104BC6
:1020C000D3ED027A66EEA77A77EE277A0D4BC3ED51
:1020D000017A0B4B93ED027AD7ED017A67EEA77A7E
:1020E000DFED096A67EEA67A77EE277A044BC3ED37
:1020F000027A00BF0C37BD465DF8047B704700BF15
:10210000A80300209C0300203E87243780B584B0BC
:1021100000AF87ED030AC7ED020A87ED011AD7ED7C
:10212000020A97ED030AFFF79FFF0B4BD3ED007AEE
:10213000D7ED010AB0EE670A084800F02AF8074B0D
:102140001B68054A1360044B1B6807EE903AB0EE1B
:10215000670A1037BD4680BDA80300209C030020FD
:1021600080B485B000AFF86087ED020AC7ED010AC0
:1021700087ED001AFB68BA681A60FB687A685A60D3
:10218000FB683A689A6000BF1437BD465DF8047B6F
:10219000704780B487B000AFF86087ED020AC7EDE2
:1021A000010AFB68D3ED016AFB6893ED017AFB68D5
:1021B000D3ED027A37EE277AC6EE877AC7ED057A35
:1021C000FB6893ED007AD7ED016AD7ED027A76EEDF
:1021D000E76AD7ED057A66EEA77A77EE277AFB688D
:1021E000C3ED007A00BF1C37BD465DF8047B704725
:1021F00080B483B000AF78607B680B4A1A607B685C
:102200000A4A5A607B680A4A9A607B68094ADA601F
:102210007B68094A1A617B68084A5A6100BF0C371B
:10222000BD465DF8047B70470000464166E661C22A
:10223000EFC9633F029A18BFADFA4C3F50FC983F7C
:1022400080B582B000AF78603960064A7B68136061
:10225000054A3B6813603868FFF7CAFF00BF0837BC
:10226000BD4680BDB4030020B803002080B485B013
:1022700000AF78607B6893ED007A224B1B68D3ED4A
:10228000007A77EE677AC7ED037A7B68043393EDC3
:10229000007A1C4B1B68D3ED017A77EE677AC7EDA5
:1022A000027A184B1B6893ED027AD7ED037A27EE7A
:1022B000277A144B1B68D3ED036AD7ED027A66EEDA
:1022C000A77A77EE277A7B68C3ED007A0D4B1B68FF
:1022D00093ED047AD7ED037A27EE277A094B1B6832
:1022E000D3ED056AD7ED027A66EEA77A7B680433F0
:1022F00077EE277AC3ED007A00BF1437BD465DF84C
:10230000047B7047B803002080B483B000AF7860CE
:102310007B681B889BB20133094A82FB031291112F
:10232000DA178A1A4FF47A7101FB02F29A1A92B202
:102330007B681A8000BF0C37BD465DF8047B704790
:10234000D34D621080B582B000AF78607B681B68A7
:10235000154A934223D1154B1B889BB21A46144B46
:102360001978144B9954114B1B889BB20133124AB4
:1023700082FB03129111DA178A1A4FF47A7101FB6A
:1023800002F29A1A92B2094B1A800C4B1B68013365
:102390000A4A136001220649094807F080FF00BF7E
:1023A0000837BD4680BD00BF00480040B807002088
:1023B000BC0B0020D4070020D34D6210C00B0020BE
:1023C0002807002080B483B000AF78607B68084A9B
:1023D000934207D1074B1B680133064A1360064B33
:1023E00001221A7000BF0C37BD465DF8047B7047B0
:1023F000C0050020E40B0020E00B002080B584B075
:1024000000AF7860364B1B78DBB2002B1DD1354B0B
:1024100000221A70344B00221A807B681B6800224D
:102420005A622F4B01221A707B681B681A6A7B68FC
:102430001B6822F0A0021A627B681B681A6A7B681C
:102440001B6842F020021A6246E00421786807F017
:1024500045FAF860244B1B889BB21B04FA681344AE
:10246000FB60FB689AB2214B1A80204B1B889BB201
:1024700007EE903AB8EE677ADFED1D6AC7EE267A6E
:102480001C4BC3ED007A03F039FE03461A4A136071
:10249000144B01221A70FB6807EE903AF8EE677A47
:1024A0009FED167A67EE877AB0EE670A02F004FDB8
:1024B0000B4B00221A707B681B681A6A7B681B68CA
:1024C00022F0A0021A627B681A687B681B68126A95
:1024D0001A62044B01221A7000BF1037BD4680BD3E
:1024E000C40B0020A40C0020C60B0020A60C00206A
:1024F00000006842C80B0020A80C0020BD378635BC
:1025000080B400AF064B1B6800225A62054B1B6863
:1025100000225A6200BFBD465DF8047B704700BFD1
:10252000E80400203005002080B582B000AFFFF73E
:10253000E7FF01F0DDFE9FED130AFFF76FFD124B81
:102540004FF000021A60114B4FF000021A60104B5E
:1025500000221A700F4B4FF000021A600E4B4FF022
:1025600000021A600D4B7B607868FDF781FE034620
:102570009AB20A2379680A4807F0FFFD00BF0837BE
:10258000BD4680BD00000000D80B0020DC0B002001
:10259000CC0B0020D00B0020D40B00202808010811
:1025A0002807002080B582B000AF06F0B1FA78604D
:1025B000254B9B6803F4E053002B02D07B685B0043
:1025C0007B607B68214AA2FB03239B0C013B3B60A1
:1025D0001F4B1B681A6A41F211131340002B0FD1D5
:1025E0001B4B1B681A6A40F244431340002B07D16F
:1025F000174B1B681A68164B1B6822F001021A6001
:102600003B689AB2124B1B689A62114B1B684FF6DB
:10261000FF72DA620E4B4FF6FF72DA600C4B1B68EA
:1026200000225A620A4B1B686FF001021A61084BC4
:102630001B681A68064B1B6842F001021A6000BF53
:102640000837BD4680BD00BF0038024083DE1B4313
:1026500078050020000000002DE9B04FDCB00CAF81
:1026600003F0E6FC00F0ACFE01F0D4FA01F0A8FAA9
:1026700000F0D6FF01F024F801F040FA00F0FEFE71
:1026800000F04EFF00F09EFF01F0C2F801F0F6F8F6
:1026900001F06AF801F028F901F094F901F0E0F98D
:1026A00008F040FFD649D748FFF7CAFDD64BD74AB6
:1026B000D749D44802F098FBD649D74801F0F0FC3E
:1026C000D64802F02DFED648FFF770FCFFF79CFCC1
:1026D00003F0AEFBFFF766FF9FEDD20A02F044FE67
:1026E0000021002002F032F9CF4A0021002008F03A
:1026F000E7FE08F06DFD00BF03F060FC0346002B11
:10270000FAD04FF4FA7003F005FD08F0E7FDC74A70
:102710000021002008F0D4FE08F05AFD4FF4FA70B2
:1027200002F060FDC24A0021002008F0C9FE08F056
:102730004FFD002387F83F31002387F807310B2333
:1027400087F806310A2387F80531562387F80431C4
:10275000052387F8033197F8052197F806311146CC
:102760001846FFF79BF903461A4697F803311946B6
:102770001046FFF793F9034687F8023197F80431C2
:10278000013B87F83E31002387F83D310023C7F82D
:1027900038314FF00003C7F834314FF00003C7F869
:1027A000FC304FF00003C7F830314FF00003C7F89A
:1027B0002C31002387F88B304FF00003C7F8283105
:1027C0004FF00003C7F824314FF00003C7F8203161
:1027D0004FF00003C7F8F8304FF00003C7F8F430AB
:1027E0004FF00003C7F81C314FF00003C7F8183151
:1027F0004FF00003C7F8F03001228E498E4807F0F1
:102800004EFD8E4806F064FA08F068FD8C4A0021FF
:10281000002008F055FE08F0DBFC8A4BC7F8EC30CE
:10282000D7F8EC00FDF724FD03469AB20A23D7F847
:10283000EC10814807F0A1FC97F83F3197F806218A
:10284000B3FBF2F101FB02F29B1ADBB2002B01D1C8
:1028500002F014FB02F08AFC02F064FC02F0CEFBF2
:10286000D7F83831002B08D197F83E31002B04D02F
:1028700097F83E31013B87F83E31D7F83831002BCD
:1028800040F03E81FFF752F8C7F8E80097F83E3174
:10289000002B0AD0D7F8E830002B00F01681D7F8CB
:1028A000E8301B78002B00F01081FFF727F8C7F8FD
:1028B0003801D7F83831002B00F02181D7F83831B2
:1028C0001B78022B00F0F680022B00F31881002BFE
:1028D00002D0012B7FD012E1D7F8383193F90920CB
:1028E000D7F838319B7A1946104602F02FF8D7F8FE
:1028F000383193F90930002B64D0FFF715FED7F873
:1029000038315B69C7F828314F4BC7F82431D7F805
:1029100038311B7C002B02D1B2EE0E7A01E0B3EE0F
:10292000047AD7F838319B7A07EE903AF8EEE77AD6
:1029300027EE277ADFED456AC7EE267AC7ED487A9B
:10294000D7F83831DB68C7F8343197ED4D0A02F01B
:102950000BFDD7ED4D7AF5EE407AF1EE10FA24D06A
:1029600097ED4D0AFFF7F0F987ED460A97ED4D0A0E
:10297000FFF730FA87ED3C0AD7F838311B7C002B83
:1029800040F0A180D7F83831D3ED057AD7ED460A6B
:10299000B0EE670AFFF7D0FAF0EE407AB0EE670AC1
:1029A000FFF732F887ED4A0A8DE04FF00003C7F8D1
:1029B00018314FF00003C7F8F0304FF00003C7F8AC
:1029C0001C3180E0D7F838111B48FEF7D5FF0023F3
:1029D000C7F8383177E097F88B30DBB2002B0CBFAB
:1029E00001230023DBB287F88B3097F88B30DBB202
:1029F000002B2DD04FF00003C7F82C3151E000BF61
:102A0000A00700204C0400206C07002004040020D4
:102A1000BC03002030050020E8040020E006002070
:102A20007805002000000000C4080108E008010843
:102A3000F0080108BC0B002028070020C00500207A
:102A4000040901080C090108000048420000C842BE
:102A5000D7F838315B68184608F0FAFDD7F83831F6
:102A600009221A72D7F838311B7A184608F0E8FDA7
:102A700003461A46D7F838315A60D7F838315C68BF
:102A8000D7F838311B7A1D46D7F82C01FDF75CFDCD
:102A900002460B46CDE90023C54A2946204609F0E7
:102AA000A5FBD7F83811C348FEF766FF0023C7F827
:102AB000383109E0D7F83811BE48FEF75DFF002332
:102AC000C7F8383100E000BF19E0FEF73BFFC7F858
:102AD000E400D7F8E430002B07D0D7F8E430D3ED8A
:102AE000037AB0EE670A02F03FFC97F83E31002B04
:102AF00006D097F83E31013B87F83E3100E000BF39
:102B0000D7F83831002B00F02C84D7F8383193F9FE
:102B10000930002B00F02584A74B1B78002B1BD11C
:102B200001F0E6FB9FEDA50AFFF778FAA44B4FF002
:102B300000021A60A24B1B68A24A1360A24B00223B
:102B40001A70A24B4FF000021A60A04B1B68A04AFB
:102B50001360994B01221A7001F0CAFB87ED3F0AFE
:102B60009C4BD3ED057A97ED3F1AF0EE670AB0EE75
:102B7000000AFFF7CBFA87ED380A924AD7F8E0301F
:102B80001360954BC7F8DC308E4B93ED007A8C4B7D
:102B9000D3ED007A77EE677AC7ED367A8A4B1B78E9
:102BA000002B06D0D7ED366A97ED377AC6EE877AD6
:102BB00001E0DFED827AC7ED457A834B1B78002B6D
:102BC00006D1814B01221A704FF00003C7F814316F
:102BD000D7ED457AF0EEE77A9FED807AF4EEC77A8A
:102BE000F1EE10FA03DD4FF00003C7F81431D7ED12
:102BF000457A9FED7B7A27EE877A754BD3ED007A85
:102C0000DFED786A67EEA67A77EE277A704BC3ED30
:102C1000007A6F4BD3ED007AF0EEE77AC7ED357AA4
:102C2000D7ED357A67EEA77ADFED6F6A87EEA67A81
:102C3000D7ED357ADFED6D6A67EEA67A77EE277A03
:102C4000B0EE007A77EE877AC7ED487AD7ED487A0A
:102C5000F5EEC07AF1EE10FA03D54FF00003C7F895
:102C60002031D7ED497AF0EEE77AB5EE007A67EEDB
:102C7000877AC7ED347A97ED487AD7ED347AB4EE97
:102C8000E77AF1EE10FA03DDD7F8D030C7F820313B
:102C90004E4AD7F8143113604A4B1B68484A1360F8
:102CA0004B4B1B68C7F8CC30D7F8383193F9093053
:102CB00007EE903AB8EEE77A464BD3ED037A67EE2B
:102CC000277AC7ED327AD7ED467AF5EE407AF1EE03
:102CD00010FA08D0D7ED460A97ED330AFFF7C4F88B
:102CE00087ED470A03E04FF00003C7F81C3197ED6A
:102CF000327AD7ED477A77EE677AC7ED3D7AD7ED2E
:102D0000327A77EEA77AC7ED447AD7F83831D3ED27
:102D1000037AF5EEC07AF1EE10FA05D5D7ED447AD4
:102D2000F1EE677AC7ED447A97ED4C7AD7ED447AA5
:102D300077EE277AC7ED4C7AD7F82431C7F8F83008
:102D4000D7F838311B7C032B00F39880022B51DA23
:102D5000002B02D0012B10D090E01A4BD3ED007A5B
:102D6000F0EEE77AC7ED2E7A97ED4A7AD7ED2E7A14
:102D700077EE677AC7ED497A85E01D4B1B78DBB2A9
:102D8000002B7FD0134B93ED027AD7F83831D3ED77
:102D9000057A37EE677AD7F8383193F9093007EEBC
:102DA000903AF8EEE77A67EE277AC7ED497A69E05C
:102DB0001409010828070020CD0B002000000000A6
:102DC000DC0B0020D80B0020CC0B0020D40B002003
:102DD000D00B00206C0700206F12033B000048431B
:102DE000CDCCCC3E9A99193F000070430AD7A33D41
:102DF000A40C0020D7F838311B7C022B14BF012310
:102E00000023DBB287F8C73097F8C730A74A9B008A
:102E100013441B68C7F8C030D7F838315B69C7F86E
:102E2000BC30D7ED2F7AF5EEC07AF1EE10FA15D559
:102E3000D7ED2F7AF1EE677AC7ED2F7A97ED307ADA
:102E4000D7ED2F7AB4EEE77AF1EE10FA01DD984B68
:102E500001E04FF00003C7F8243114E097ED307A19
:102E6000D7ED2F7AB4EEE77AF1EE10FA01D5904B58
:102E700001E04FF00003C7F8243104E08C4BC7F8A1
:102E8000243100E000BF97F83F318A4AA2FB0312C9
:102E90005209642101FB02F29B1ADBB2002B3FD1E5
:102EA000854B1B681846FDF74FFB04460D46D7F8C7
:102EB000CC00FDF749FB80468946804B1B681846CD
:102EC000FDF742FB82468B46D7F82801FDF73CFB15
:102ED000C7E90001D7F82401FDF736FB02460B468F
:102EE0007749097807F108000A91CDE9082397EDA1
:102EF000007B8DED067BCDE904ABCDE90289CDE900
:102F00000045704A802109F071F9C7F8B400D7F87C
:102F1000B4309AB207F108010A236B4807F02DF983
:102F2000FEF704FDC7F8B000D7F8B030002B37D05B
:102F3000D7F8B0301B78002B32D1D7F8B010D7F8C3
:102F40003801FEF733FD0346002B29D0FEF7D6FCEF
:102F5000C7F8B000D7F8B0301B7C002B05D0002B91
:102F600019DB013B022B16D80EE0D7F8383193ED70
:102F7000057AD7F8B030D3ED057A77EE277AD7F80F
:102F80003831C3ED057A06E0D7F8B0305A69D7F882
:102F900038315A6100BFD7F8B0104B48FEF7ECFC4F
:102FA000FEF7D0FCC7F8B000D7F8B030002B03D044
:102FB000D7F8B030DB6801E04FF00003C7F8AC3061
:102FC000D7F83831D3ED037A97ED2B7A77EE677A1D
:102FD000B0EE670AFEF718FD87ED2A0AD7F83831F8
:102FE0001B7C012B23D0D7F8B030002B1FD0D7F893
:102FF000B03093F90920D7F8383193F909309A4263
:1030000015D1D7ED2A7AB3EE0A7AF4EEC77AF1EE4B
:1030100010FA0CDCD7F8383193ED037AD7ED2B7A20
:1030200067EE277AF5EEC07AF1EE10FA01D50123AA
:1030300000E0002387F8A730D7F8B030002B08D085
:10304000D7F8B0309B7A19461E20FEF713FD0346D1
:1030500000E01E2387F8A630D7F838311A7CD7F85D
:1030600038319B7A19461046D7ED481A97ED491A20
:10307000D7ED460A97ED3D0A01F04AFA134BD3ED1E
:10308000007AF0EEE77A9FED127AF4EEC77AF1EE6D
:1030900010FA21DDD7ED497AF0EEE76A0B4BD3ED5C
:1030A000007AB0EEE77AC6EE877A17E06C07002068
:1030B000000048421F85EB51D80B0020D40B0020A4
:1030C000CC0B00201C09010828070020D00B002091
:1030D0006F12833AF90215505FED027AC7ED287A34
:1030E000002387F80F3197F8A730002B57D197F8B6
:1030F0003F3197F80521B3FBF2F101FB02F29B1A75
:10310000DBB2002B4BD197ED2B7AD7ED4D7A77EED2
:10311000677AB0EE670AFEF777FC87ED270A97ED2E
:10312000277AF0EE086AC7EE267AB3EE047A67EEE5
:10313000877A97ED287AB4EEE77AF1EE10FA2ED579
:10314000D7ED270AB0EE080AFEF778FC87ED420AB1
:1031500097ED2B7AD7ED4D7AB4EEE77AF1EE10FACF
:1031600005D5D7ED427AF1EE677AC7ED427A97ED51
:103170004D7AD7ED427A77EE277AC7ED4D7A97ED03
:103180004D0A02F0F1F8D7ED277AB0EE087AF4EEA6
:10319000C77AF1EE10FA02D5012387F80F3197EDC7
:1031A000490AFEF731FC87ED260A97ED497AD7EDFB
:1031B0003E7A77EE677AB0EE670AFEF725FC87ED78
:1031C000250A97F8A730002B14D0D7ED267AB7EE52
:1031D000007AF4EEC77AF1EE10FA0BD5D7F8940026
:1031E000FDF7B2F972A3D3E90023FDF777FC03469C
:1031F000002B0BD1D7F89800FDF7A6F96EA3D3E901
:103200000023FDF76BFC0346002B01D0012300E0F7
:10321000002387F8933097F89330002B04D097F869
:103220003D310133DBB200E0002387F83D3197F8F0
:103230003D31092B08D8D7ED497ABEEE007AF4EE7D
:10324000C77AF1EE10FA01D5012300E000235AB24B
:1032500097F90F3113435BB287F80F3197F80F31AD
:10326000002B7ED0002387F83D31D7F8381148482D
:10327000FEF782FB0023C7F8383197ED2B0A02F0E6
:1032800073F897F8A730002B20D097ED2B7AD7ED65
:103290004D7A77EE677AB0EE670AFEF7B5FBB0EECF
:1032A000407AF0EE086AC7EE267AB2EE047A67EE4C
:1032B000877AB2EE0E7A77EE877AFCEEE77AC7ED80
:1032C000007A3B7887F83E3100F0B6FFFFF72CF923
:1032D00097F88B30DBB2002B43D02E4BD3ED007A26
:1032E000F0EEE77A97ED4B7A77EE277AC7ED4B7AD7
:1032F00037E0294B1B889AB2284B1B889BB29A4215
:103300002FD0254B1B889BB21A46254B9B5C87F818
:103310009230244B1B885A1C91B2224A11801946C4
:10332000214A97F89230535497F892300A2B15D1CE
:103330001D4BC7F88C3097F892300A2B03D097F8C2
:1033400092300D2B0AD1174B1B88DBB21A46164957
:103350000F48FEF79BF9134B00221A800E48FEF728
:10336000D3FF124B1B78DBB2002BC2D00F4B0022D5
:103370001A7097F83F31013397F8022193FBF2F16D
:1033800001FB02F29B1A87F83F31FFF755BA00BFE5
:1033900028070020D80B0020BA070020B80700201B
:1033A000D4070020BC070020C0070020E00B00204D
:1033B0009A9999999999C93F9A9999999999A93FEF
:1033C00080B594B000AF07F12003302200211846E9
:1033D00008F0C2FF07F10C0300221A605A609A60DD
:1033E000DA601A610023BB60224B1B6C214A43F058
:1033F000805313641F4B1B6C03F08053BB60BB688E
:1034000000237B601C4B1B681B4A43F48043136002
:10341000194B1B6803F480437B607B6802233B628B
:103420000123FB6210233B630023BB6307F12003EE
:10343000184604F03DFF0346002B01D000F0AAFC23
:103440000F23FB6000233B6100237B610023BB61F2
:103450000023FB6107F10C030021184605F0A0F9D9
:103460000346002B01D000F095FC00BF5037BD464D
:1034700080BD00BF003802400070004080B584B0BD
:1034800000AF3B4600221A605A609A60DA60214B16
:10349000214A1A601F4B00225A601E4B00229A607C
:1034A0001C4B00221A611B4B00221A76194B00227A
:1034B00083F82020174B0022DA62164B174A9A62D3
:1034C000144B0022DA60134B0122DA61114B002207
:1034D00083F830200F4B01225A610E4802F03EFE65
:1034E0000346002B01D000F055FC04233B60012370
:1034F0007B600023BB603B461946064803F03EF95B
:103500000346002B01D000F045FC00BF1037BD463C
:1035100080BD00BFBC030020002001400100000F5F
:1035200080B584B000AF3B4600221A605A609A60B2
:10353000DA60214B214A1A601F4B00225A601E4B51
:1035400000229A601C4B00221A611B4B00221A7643
:10355000194B002283F82020174B0022DA62164B09
:10356000174A9A62144B0022DA60134B0122DA6187
:10357000114B002283F830200F4B01225A610E4874
:1035800002F0ECFD0346002B01D000F003FC052304
:103590003B6001237B600023BB603B461946064825
:1035A00003F0ECF80346002B01D000F0F3FB00BF62
:1035B0001037BD4680BD00BF04040020002101403B
:1035C0000100000F80B500AF124B134A1A60114B77
:1035D000124A5A600F4B00229A600E4B0022DA60AA
:1035E0000C4B4FF480421A610A4B00225A61094B7E
:1035F00000229A61074B0022DA61064B00221A6210
:10360000044803F06DFE0346002B01D000F0C2FB1E
:1036100000BF80BD4C04002000580040A08601007F
:1036200080B586B000AF07F1080300221A605A6027
:103630009A60DA603B4600221A605A601E4B1F4AAD
:103640001A601D4B10225A601B4B00229A601A4BC5
:103650004FF47A72DA60184B00221A61164B00227E
:103660005A61154B80229A61134805F079FA034696
:10367000002B01D000F08EFB4FF48053BB6007F1AC
:10368000080319460C4806F061F80346002B01D0E8
:1036900000F080FB00233B6000237B603B46194623
:1036A000054806F08DFC0346002B01D000F072FBAC
:1036B00000BF1837BD4680BDA004002000000140B7
:1036C00080B58CB000AF07F10C032422002118460E
:1036D00008F042FE3B1D00221A605A60214B4FF059
:1036E00080421A601F4B00225A601E4B00229A60D3
:1036F0001C4B4FF0FF32DA601A4B00221A61194B53
:1037000000229A610323FB6000233B6101237B615C
:103710000023BB610A23FB6102233B6201237B621E
:103720000023BB620A23FB6207F10C0319460D4814
:1037300005F060FC0346002B01D000F02BFB0023BA
:103740007B600023BB603B1D1946064806F038FC31
:103750000346002B01D000F01DFB00BF3037BD46F3
:1037600080BD00BFE804002080B58CB000AF07F139
:103770000C0324220021184608F0EEFD3B1D002218
:103780001A605A60204B214A1A601F4B00225A606F
:103790001D4B00229A601C4B4FF6FF72DA601A4BE9
:1037A00000221A61184B00229A610323FB60002358
:1037B0003B6101237B610023BB610A23FB61022380
:1037C0003B6201237B620023BB620A23FB6207F199
:1037D0000C0319460C4805F00DFC0346002B01D0E4
:1037E00000F0D8FA00237B600023BB603B1D194624
:1037F000054806F0E5FB0346002B01D000F0CAFAAD
:1038000000BF3037BD4680BD3005002000040040B9
:1038100080B582B000AF3B4600221A605A60154B5B
:10382000154A1A60134B00225A60124B00229A600C
:10383000104B4FF6FF72DA600E4B00229A610D4872
:1038400005F08EF90346002B01D000F0A3FA002307
:103850003B6000237B603B461946064806F0B0FB00
:103860000346002B01D000F095FA00BF0837BD4693
:1038700080BD00BF780500200010004080B582B0F8
:1038800000AF3B4600221A605A60154B154A1A6079
:10389000134B00225A60124B00229A60104B4FF6D5
:1038A000FF72DA600E4B00229A610D4805F058F95C
:1038B0000346002B01D000F06DFA00233B6000238B
:1038C0007B603B461946064806F07AFB0346002B10
:1038D00001D000F05FFA00BF0837BD4680BD00BFD1
:1038E000C00500200014004080B58CB000AF07F187
:1038F000200300221A605A609A60DA603B1D0022A1
:103900001A605A609A60DA601A615A619A612B4BA8
:103910002B4A1A60294B00225A60284B00229A60D9
:10392000264B4FF4E152DA60244B00221A61234BFC
:1039300000229A61214805F013F90346002B01D0BB
:1039400000F028FA4FF480533B6207F12003194638
:103950001A4805F0FBFE0346002B01D000F01AFACE
:10396000164805F025FA0346002B01D000F012FAA4
:1039700060237B600023BB600023FB6000237B612E
:103980003B1D002219460D4805F01EFE0346002B84
:1039900001D000F0FFF93B1D04221946074805F04D
:1039A00013FE0346002B01D000F0F4F9034802F0A7
:1039B0000DF800BF3037BD4680BD00BF08060020AF
:1039C0000040014080B588B000AF3B1D00221A6066
:1039D0005A609A60DA601A615A619A611E4B1F4AF6
:1039E0001A601D4B00225A601B4B00229A601A4B32
:1039F0004FF4E152DA60184B00221A61164B002294
:103A00009A61154805F0ACF80346002B01D000F090
:103A1000C1F9114805F0CCF90346002B01D000F0A4
:103A2000B9F960237B600023BB600023FB600023A7
:103A30007B613B1D00221946074805F0C5FD034682
:103A4000002B01D000F0A6F9034801F0BFFF00BF32
:103A50002037BD4680BD00BF500600200044014015
:103A600080B588B000AF3B1D00221A605A609A6092
:103A7000DA601A615A619A611E4B1F4A1A601D4B27
:103A800000225A601B4B00229A601A4B4FF4E152FD
:103A9000DA60184B00221A61164B00229A61154811
:103AA00005F05EF80346002B01D000F073F91148D1
:103AB00005F07EF90346002B01D000F06BF960237E
:103AC0007B600023BB600023FB6000237B613B1D08
:103AD00000221946074805F077FD0346002B01D068
:103AE00000F058F9034801F071FF00BF2037BD46D0
:103AF00080BD00BF980600200048014080B58CB012
:103B000000AF07F1200300221A605A609A60DA6061
:103B10003B1D00221A605A609A60DA601A615A618D
:103B20009A61254B254A1A60234B04225A60224B86
:103B300000229A60204B4FF6FF72DA601E4B002283
:103B40001A611D4B80229A611B4805F009F8034653
:103B5000002B01D000F01EF94FF480533B6207F1B7
:103B600020031946144805F0F1FD0346002B01D04F
:103B700000F010F9104805F01BF90346002B01D0A6
:103B800000F008F960237B600023BB600023FB602A
:103B900000237B613B1D04221946074805F014FDF4
:103BA0000346002B01D000F0F5F8034801F00EFFAA
:103BB00000BF3037BD4680BDE00600200018004041
:103BC00080B500AF114B124A1A60104B4FF4E1322E
:103BD0005A600E4B00229A600C4B0022DA600B4BAD
:103BE00000221A61094B0C225A61084B00229A618B
:103BF000064B0022DA61054806F072FA0346002BF4
:103C000001D000F0C7F800BF80BD00BF280700202A
:103C10000048004080B58AB000AF07F114030022CD
:103C20001A605A609A60DA601A6100233B61544B53
:103C30001B6B534A43F010031363514B1B6B03F090
:103C400010033B613B690023FB604D4B1B6B4C4AEF
:103C500043F0010313634A4B1B6B03F00103FB604A
:103C6000FB680023BB60464B1B6B454A43F00203D5
:103C70001363434B1B6B03F00203BB60BB68002361
:103C80007B603F4B1B6B3E4A43F0080313633C4B86
:103C90001B6B03F008037B607B6800233B60384BA1
:103CA0001B6B374A43F004031363354B1B6B03F064
:103CB00004033B603B6800224FF48071314803F0FD
:103CC000DDFA002247F604012F4803F0D7FA00225C
:103CD0004FF480712D4803F0D1FA4FF480737B616B
:103CE0000123BB610023FB6100233B6207F1140346
:103CF0001946244803F00EF947F604037B610123BB
:103D0000BB610023FB6100233B6207F114031946EA
:103D10001D4803F0FFF84FF480737B610123BB6102
:103D20000023FB6100233B6207F114031946174887
:103D300003F0F0F84FF480537B614FF44413BB6100
:103D40000223FB6107F114031946114803F0E2F85E
:103D500001237B610023BB610023FB6107F1140396
:103D60001946084803F0D6F800220021282003F065
:103D700008F8282003F021F800BF2837BD4680BD91
:103D80000038024000100240000C024000000240D7
:103D90000008024080B400AF72B600BF00BFFDE76C
:103DA0000FB480B5AAB000AF07F1B4033B60381D73
:103DB0003B68D7F8B020A02108F0C0FAC7F8A400EB
:103DC000D7F8A430002B07DDD7F8A4309AB2391DFC
:103DD0000A23054806F0D1F900BFA837BD46BDE863
:103DE000804004B0704700BF2807002080B400AFB7
:103DF000034B1B68DB6A1846BD465DF8047B7047C1
:103E00000806002080B400AF034B1B68DB6A18462D
:103E1000BD465DF8047B70475006002080B400AFBB
:103E2000034B1B68DB6A1846BD465DF8047B704790
:103E30009806002080B483B000AF03463960FB8051
:103E4000FB883A689A4202D23B689BB200E0FB884A
:103E500018460C37BD465DF8047B704780B400AF50
:103E6000054B1B68002B0CBF01230023DBB2184657
:103E7000BD465DF8047B7047EC0B002080B483B036
:103E800000AF03460A46FB801346BB80B7F9042007
:103E9000B7F906309A4202D0044B01221A6000BFE3
:103EA0000C37BD465DF8047B704700BF700C0020E6
:103EB00080B500AF064B1B68002B06D1FFF7CEFF85
:103EC0000346002B01D1012300E00023184680BDEA
:103ED000700C002080B584B000AF03460A46FB801A
:103EE00013467B71FFF79AFFF860FFF78BFFB8600E
:103EF000BA68FB689A4228BF1A46FB8811461846E2
:103F0000FFF798FF0346FB8097F90530002B08DA8E
:103F1000174B1B6800225A63164B1B68FA885A63BA
:103F200021E097F90530002B08DD114B1B68FA885A
:103F30005A63104B1B6800225A6314E097F905304E
:103F4000002B08D10A4B1B68FA685A63094B1B689F
:103F5000BA685A6307E0064B1B6800225A63054B98
:103F60001B6800225A6300BF1037BD4680BD00BFEA
:103F7000980600205006002080B584B000AF0346AC
:103F80000A46FB8013467B71FFF730FFF860FB8821
:103F9000F9681846FFF74EFF0346FB8097F9053096
:103FA000002B08DA174B1B68FA885A63154B1B68FD
:103FB00000229A6321E097F90530002B08DD114BB0
:103FC0001B6800225A630F4B1B68FA889A6314E03F
:103FD00097F90530002B08D10A4B1B68FA685A6321
:103FE000084B1B68FA689A6307E0064B1B680022BF
:103FF0005A63044B1B6800229A6300BF1037BD460A
:1040000080BD00BF0806002080B584B000AF034625
:10401000FB7197F90730002B08DC97F90730002B6C
:1040200002DA4FF0FF3302E0002300E00123194AD7
:104030001370194B1B685B6BFB81184B1B689B6BE8
:10404000BB81FB89002B10D1BB89002B0DD1114BFB
:1040500093F90030002B08D002210020FFF73AFF2F
:1040600002210020FFF788FF10E00A4B93F900209F
:10407000FB8911461846FFF72DFF064B93F90020E8
:10408000BB8911461846FFF777FF00BF00BF103706
:10409000BD4680BD000C0020500600200806002010
:1040A00080B582B000AF786039604A4A7B6813609F
:1040B000494A3B681360474B1B683C21184605F092
:1040C000CDF8454B1B683C21184605F039F8002116
:1040D000424804F0C7FE0021414804F0C3FE00211D
:1040E000404804F0BFFE04213E4804F0BBFE3B4BB9
:1040F0001B6800225A633A4B1B6800225A63394BF3
:104100001B6800225A63374B1B6800229A63364BA8
:1041100000221A70354B00221A80354B00221A807B
:10412000344B00221A80334BB3F90020324B1A80F3
:10413000284B1B68002B05D0264B1B681B685B6A4D
:104140001BB200E000232D4A1380234B1B68002B79
:1041500005D0214B1B681B685B6A1BB200E0002383
:10416000274A1380274B00221A60274B00221A602F
:10417000DFED267A9FED267ADFED266AB0EE661A2D
:10418000F0EE470AB0EE670A234800F0D5FCDFEDF9
:10419000237A9FED237ADFED236AB0EE661AF0EE04
:1041A000470AB0EE670A204800F0C6FCDFED1F7A30
:1041B0009FED1F7AF5EE006AB0EE661AF0EE470A40
:1041C000B0EE670A1B4800F0B7FC00BF0837BD46D9
:1041D00080BD00BFE80B0020EC0B002098060020FB
:1041E0005006002008060020000C0020F40B0020E0
:1041F000F60B0020FA0B0020F80B0020FC0B00202F
:10420000FE0B0020F00B0020700C002000504347F4
:1042100000002F4400803B45040C00203333B33FA3
:10422000E02D903A8FC2F53D280C00206666C63F0F
:10423000F7CC92384C0C002080B584B000AFFFF76B
:10424000EDFDF860FFF7DEFDB860FFF7CFFD7860A9
:10425000194B1B68FA685A63184B1B68BA685A6393
:10426000174B1B687A685A63154B1B687A689A6308
:104270004FF47A7001F04EFF0F4B1B6800225A6317
:104280000E4B1B6800225A630D4B1B6800225A63B9
:104290000B4B1B6800229A630A4B00221A700A4BD0
:1042A00000221A80094B00221A80094B00221A8032
:1042B00000BF1037BD4680BD980600205006002084
:1042C00008060020000C0020F40B0020F80B002052
:1042D000FA0B002080B483B000AF78607B681B6865
:1042E0005B6A1BB218460C37BD465DF8047B70470D
:1042F00080B586B000AF364B1B68002B06D0344B20
:104300001B681846FFF7E6FF034600E000237B82A8
:10431000304B1B68002B06D02E4B1B681846FFF74E
:10432000D9FF034602E02C4BB3F900303B822B4B04
:10433000B3F900309AB27B8AD31A9BB2FB813A8AD6
:10434000254BB3F900309BB2D31A9BB2BB81234AF1
:104350007B8A13801F4B1B68002B02D01E4A3B8AAE
:104360001380B7F90E30BB60B7F90C307B60194B86
:104370001B68002B05D0B7F90C3000211846FFF759
:104380007DFDFFF76BFD0346002B04D1FFF790FD89
:104390000346002B02D0BB687B6106E0BA687B68ED
:1043A0001344DA0F13445B107B610D4B1A687B6971
:1043B00013440B4A13600A4B1B681846FDF784FD33
:1043C000F0EE407AB0EE670A1837BD4680BD00BFF8
:1043D000E80B0020EC0B0020FE0B0020FC0B002063
:1043E000F00B002080B485B000AF0346FB71FB7971
:1043F000002B01D100230EE0FB79462202FB03F3E0
:10440000FB60FB68002B04DDFB68632B01DC64238D
:10441000FB60FB681BB218461437BD465DF8047B91
:104420007047000080B582B000AF364BB3F9003062
:10443000002B0AD0334BB3F9003041F658326421D7
:10444000184600F007FB034600E00023FB802E4BDC
:10445000B3F90030002B0AD02B4BB3F9003041F6F2
:1044600058326421184600F0F5FA034600E00023B4
:10447000BB80B7F90630184600F00CFB0346FB8002
:10448000B7F90430184600F005FB0346BB80B7F9C6
:104490000630002B06D1B7F90430002B02D1FFF70C
:1044A000CBFE2BE0B7F90630002B09D1174B93F95F
:1044B0000030002B04D002210020FFF70BFD07E0A5
:1044C000FB88124A92F9002011461846FFF702FDB8
:1044D000B7F90430002B09D10C4B93F90030002BB5
:1044E00004D002210020FFF747FD07E0BB88074A00
:1044F00092F9002011461846FFF73EFD0837BD46E9
:1045000080BD00BFF80B0020FA0B0020000C00203B
:1045100080B59AB000AF87ED050AC7ED040A87EDB4
:10452000031AC7ED021A03460A46FB711346BB7114
:10453000BC4B1B88A7F86630B7F96630002B02DA4F
:104540000023A7F86630B7F9663041F65832934237
:1045500003DD41F65833A7F86630B34AB7F8663042
:104560001380B14BB3F90030002B0DD10020FFF7C1
:104570004BFDAE4B00221A80AC4BB3F90020AC4B84
:104580001A80FFF74FFFD8E1A74BB3F90030002B9B
:1045900019DAA84B93F90030DBB25B42DBB25BB2B5
:1045A0001846FFF731FDD7ED057AF1EE677AC7EDD2
:1045B000057A9D4BB3F900309BB25B429BB21AB2B5
:1045C000994B1A8005E09B4B93F900301846FFF792
:1045D0001BFD4FF07E533B664FF07E53FB65D7EDDE
:1045E000047AF0EEE77A9FED947AF4EEC77AF1EE72
:1045F00010FA6FDD914BBB64D7ED047AF5EEC07A0B
:10460000F1EE10FA1ED5D7ED047AB1EE677AD7ED48
:10461000127A77EE677AF1EE676A97ED047AC6EE62
:10462000877AC7ED187A97ED127AD7ED047A77EE8C
:10463000677AF1EE676A97ED047AC6EE877AC7ED7E
:10464000177A17E097ED047AD7ED127A77EE276A9A
:1046500097ED047AC6EE877AC7ED187A97ED047A5B
:10466000D7ED127A77EE676A97ED047AC6EE877A0D
:10467000C7ED177AD7ED187AF0EEE77A9FED707AEA
:10468000F4EE477AF1EE10FA02D94FF07E533B6612
:10469000D7ED177AF0EEE77A9FED697AF4EE477A74
:1046A000F1EE10FA02D94FF07E53FB65D7ED187A80
:1046B000F5EEC07AF1EE10FA02D54FF000033B663A
:1046C000D7ED177AF5EEC07AF1EE10FA02D54FF079
:1046D0000003FB65544BB3F9003007EE903AF8EE57
:1046E000E77AC7ED117A4FF00003BB65554B3B6489
:1046F000D7ED100A97ED050A534800F045FA87ED0B
:104700000F0A484BB3F90030002B0FDD97ED0F7AFD
:10471000D7ED117A67EE276A424BB3F9003007EE06
:10472000903AB8EEE77AC6EE877A01E0DFED477A95
:10473000C7ED167AD7ED167AF0EEE77AC7ED0E7A66
:10474000D7ED117A9FED427A67EE877AC7ED0D7A41
:1047500097ED0E7AD7ED0D7AB4EEE77AF1EE10FA16
:104760000FDDD7ED167AF5EEC07AF1EE10FA04D52A
:10477000D7ED0D7AF1EE677A01E0D7ED0D7AC7ED4E
:10478000167A97ED117AD7ED187A67EE277AC7ED8A
:104790000C7A97ED117AD7ED177A67EE277AC7ED85
:1047A0000B7A9FED2C7AD7ED0C7A77EE677AC7ED0E
:1047B0000A7A9FED287AD7ED0B7A77EE677AC7ED04
:1047C000097AD7ED0A7AB0EEE77AD7ED097AF0EEFA
:1047D000E77AF0EE670AB0EE470A09F0D1FE87EDFE
:1047E000150AD7ED157AF5EEC07AF1EE10FA02D57A
:1047F0004FF000037B65D7ED167AF0EEE77A97ED80
:10480000157AB4EEE77AF1EE10FA2BD5D7ED167AD9
:10481000F5EEC07AF1EE10FA20D5D7ED157AF1EE6B
:10482000677A1DE0F60B0020F40B0020FA0B002045
:10483000F80B0020000C0020BD37863533330341D0
:10484000FFFF7F7F6F12033B040C0020000000007D
:10485000CDCCCC3E00C0DA4500004842D7ED157AF9
:10486000C7ED167A97ED0C7AD7ED167A77EE677A60
:10487000C7ED147A97ED0B7AD7ED167A77EE277A93
:10488000C7ED137AD7ED147AB0EEE77AD7ED137A45
:10489000F0EEE77AF0EE670AB0EE470A09F053FE51
:1048A00087ED080AD7ED087A1FED167AF4EEC77A7D
:1048B000F1EE10FA17DD5FED196A97ED087AC6EE92
:1048C000877AC7ED077A97ED147AD7ED077A67EE06
:1048D000277AC7ED147A97ED137AD7ED077A67EE4A
:1048E000277AC7ED137AD7ED147A1FED257AF4EE07
:1048F000C77AF1EE10FA01D5002306E0D7ED147A5D
:10490000FDEEE77A17EE903A1BB20D4A1380D7ED11
:10491000137A9FED0C7AF4EEC77AF1EE10FA01D516
:10492000002306E0D7ED137AFDEEE77A17EE903A12
:104930001BB2054A1380FFF775FD6837BD4680BD81
:10494000F80B002000004842FA0B002080B582B02E
:1049500000AF03460A46FB711346BB7197F9073057
:10496000BA7919462E48FFF71BFA00F0B1F897F90B
:104970000730002B02D0BB79002B10D1294B00222D
:104980001A70FFF759FC284B00221A80274B00228F
:104990001A80264BB3F90020254B1A803DE0BB79E5
:1049A0001846FFF71FFD03461A46224B1A80214B7B
:1049B000B3F900201C4B1A801B4BB3F900201B4B92
:1049C0001A801A4BB3F90020194B1A801A4B1B6836
:1049D0001846FFF77FFC03461A46184B1A80184BFF
:1049E0001B681846FFF776FC03461A46154B1A80DB
:1049F000154800F08BF8154800F088F8144800F0CE
:104A000085F897F90730002B01DD012201E04FF016
:104A1000FF32044B1A70FFF705FD0837BD4680BD15
:104A200064090108000C0020F40B0020FA0B0020A0
:104A3000F80B0020F60B0020E80B0020FC0B0020F8
:104A4000EC0B0020FE0B0020040C0020280C0020A2
:104A50004C0C002080B483B000AF0346FB800B46B3
:104A6000BB8013467B80B7F90620B7F904309A4221
:104A700008DBB7F90620B7F902309342A8BF134606
:104A80001BB201E0B7F9043018460C37BD465DF89B
:104A9000047B704780B483B000AF0346FB80B7F956
:104AA0000630002B01D100230BE0B7F90630002BB4
:104AB00005DDB7F90630632B01DC642301E0B7F9AB
:104AC000063018460C37BD465DF8047B7047000081
:104AD00080B400AF0A4B1B6800225A63094B1B6865
:104AE00000225A63084B1B6800225A63064B1B685E
:104AF00000229A6300BFBD465DF8047B704700BF8B
:104B000098060020500600200806002080B483B0DC
:104B100000AF78607B684FF000025A607B684FF00E
:104B200000021A607B684FF00002DA6100BF0C37A8
:104B3000BD465DF8047B704780B584B000AFF86077
:104B400087ED020AC7ED010A87ED001AF868FFF742
:104B5000DDFFFB68BA689A60FB687A68DA60FB6818
:104B60003A681A61FB68064A5A61FB68054A9A610D
:104B7000FB684FF07E521A6200BF1037BD4680BD01
:104B8000002474C90024744980B487B000AFF86071
:104B900087ED020AC7ED010AD7ED017AF5EEC07A7A
:104BA000F1EE10FA02D84FF07E537B60FB6893ED74
:104BB000017AD7ED026AD7ED017A66EEA77A77EE31
:104BC000277AFB68C3ED017AFB6893ED017AFB68F5
:104BD000D3ED067AB4EEE77AF1EE10FA03DDFB6866
:104BE0009A69FB685A60FB6893ED017AFB68D3ED24
:104BF000057AB4EEE77AF1EE10FA03D5FB685A694C
:104C0000FB685A60FB68D3ED007A97ED027A77EE85
:104C1000676A97ED017AC6EE877AC7ED057AFB6879
:104C200093ED077AFB68D3ED086AFB68D3ED077A4A
:104C300097ED056A76EE677A66EEA77A77EE277AC1
:104C4000FB68C3ED077AFB68BA681A60FB6893EDEE
:104C5000027AD7ED027A27EE277AFB68D3ED036A52
:104C6000FB68D3ED017A66EEA77A37EE277AFB6808
:104C7000D3ED046AFB68D3ED077A66EEA77A77EE88
:104C8000277AB0EE670A1C37BD465DF8047B704793
:104C900080B485B000AF87ED030AC7ED020A87ED47
:104CA000011A97ED037AD7ED027A27EE277AF7EE0D
:104CB000006AD7ED037A76EEE76AD7ED017A66EE01
:104CC000A77A77EE277AB0EE670A1437BD465DF80B
:104CD000047B7047000000002DE9F04385B000AF71
:104CE0003D4B1B683A1D11461846FCF709FC002392
:104CF000FB732DE0DFED396AFB7B394A9B001344DF
:104D0000D3ED007AFB7B9B0010333B440C3B93EDCF
:104D1000007AFE7BB0EE471AF0EE670AB0EE660A44
:104D2000FFF7B6FFF0EE407AB30010333B440C3B84
:104D3000C3ED007AFA7BFB7B920010323A440C3AC6
:104D4000126827499B000B441A60FB7B0133FB73FD
:104D5000FB7B012BCED93B1D1846FDF787FABB68BC
:104D60001846FBF7F1FB804689467B681846FBF73F
:104D7000EBFB02460B4643EC112B49EC108B09F080
:104D800003FB53EC102B144683F000454FF0000258
:104D9000144B20462946FBF72FFC02460B461046D3
:104DA00019460BA3D3E90023FBF750FD02460B463F
:104DB00010461946FBF7F8FE034607EE903AB0EEB0
:104DC000670A1437BD46BDE8F08300BFAFF300802B
:104DD000182D4454FB210940880C00206666663F6C
:104DE000740C00200080664080B586B000AFF8608B
:104DF000B9607A603B601C4AFB6813601B4ABB6861
:104E000013601B4A7B6813601A4A3B681360164B99
:104E10001868002200230021FCF78CF9124B1B6854
:104E200015491846FCF76CFB3B684FF000021A620C
:104E30003B684FF00002DA623B68DA6A3B689A62CC
:104E40003B689A6A3B685A62FFF746FF87ED050A9E
:104E50003B687A691A6397ED050AFCF7A1FB00BF6E
:104E60001837BD4680BD00BF880C00208C0C002088
:104E7000900C0020940C0020740C002080B500AF32
:104E8000002204210B4802F0F9F90520FDF7A0F8F3
:104E900001220421074802F0F1F90A20FDF798F8F1
:104EA00000220421034802F0E9F901F071F800BF83
:104EB00080BD00BF000C024090B585B000AF87ED0B
:104EC000010AD7ED017A9FED157A27EE877AF0EE89
:104ED000006AC7EE267AC7ED037A114AFB681360B1
:104EE00001F00CF903460F4A13609FED0F7A0F4B48
:104EF0001B68D3ED027A0D4B1C6897ED031AF0EE98
:104F0000670AB0EE470AFFF7C3FEF0EE407AC4ED41
:104F1000027A00BF1437BD4690BD00BF00FC0547B4
:104F2000800C0020840C0020E17A143F940C0020B7
:104F300080B584B000AF0346FB80FB8807EE903A53
:104F4000F8EE677A9FED2A7AC7EE876A16EE900A26
:104F5000FBF7FAFA02460B469FED1F1B43EC102BA2
:104F600009F014FA53EC102B10461946FBF71CFEFF
:104F70000346BB60B868FBF7E7FA19A3D3E900233F
:104F8000FBF7ACFD0346002B01D01A4B10E0B868CC
:104F9000FBF7DAFA02460B4613A1D1E90001FBF751
:104FA00055FC02460B4610461946FBF7FDFD03462D
:104FB000FB60D7ED037AB1EE087AF4EEC77AF1EE32
:104FC00010FA01D50C4BFB60FB6807EE903AB0EE8F
:104FD000670A1037BD4680BD04560E2DB29DF33FC3
:104FE00078F35487DC0CB73F4BEA04341136194090
:104FF00000F07F4500008C420000C04090B583B0B7
:1050000000AF424B1B68184601F0ECF83F4B1B68A1
:105010004FF0FF31184601F0EAF90346002B08D1A2
:105020003A4B1B68184601F07DFB03469AB2384B99
:105030001A80364B1B68184601F0A6F9354B1B68E1
:10504000184601F0CFF8334B1B684FF0FF3118467C
:1050500001F0CDF90346002B08D12E4B1B681846F2
:1050600001F060FB03469AB2294B5A80294B1B681A
:10507000184601F089F9264B1B881846FFF758FFA0
:1050800087ED010A224B5B881846FFF751FF87ED39
:10509000000A214B1B78002B0BD1204B1B687A6830
:1050A0001A601E4B1B683A685A601B4B01221A702B
:1050B00027E09FED1B7A194B1B68D3ED007A174B45
:1050C0001C6897ED011AF0EE670AB0EE470AFFF789
:1050D000DFFDF0EE407AC4ED007A9FED117A0F4BC0
:1050E0001B68D3ED017A0D4B1C6897ED001AF0EEAA
:1050F000670AB0EE470AFFF7CBFDF0EE407AC4ED49
:10510000017A00BF0C37BD4690BD00BF8C0C00205B
:105110007C0C0020900C0020980C0020940C0020A7
:10512000CDCC4C3F80B582B000AF0D4B186800224B
:105130003B1D0021FCF784F897ED017A094B1B68B1
:10514000D3ED087A37EE677A064B1B68DFED066A07
:10515000C7EE267AC3ED037A00BF0837BD4680BD8F
:10516000880C0020940C002000007A4480B584B0A4
:1051700000AF194B186800223B460021FCF7E0F80D
:105180000023FB6020E0FB689B0010333B44103B96
:1051900093ED007A114B1A68FB6808339B001344A7
:1051A0000433D3ED007A77EE677A0C4B1A689FEDE3
:1051B0000C7A67EE877AFB6804339B001344C3EDD7
:1051C000007AFB680133FB60FB68022BDBDD00BF6C
:1051D00000BF1037BD4680BD880C0020940C002015
:1051E000A889803A80B58CB000AF0346FB804FF0B1
:1051F0000003BB624FF000037B6207F1180300223B
:105200001A605A609A600023FB8541E0414B1868A0
:10521000002207F124030021FCF712F8D7ED097AE8
:1052200097ED0A7A77EE277AC7ED0A7A394B186834
:10523000002207F10C030021FCF782F8002387F815
:105240002D301EE097F82D309B0030333B44183B47
:1052500093ED007A97F82D309B0030333B44243B8C
:10526000D3ED007A97F82D3077EE277A9B00303314
:105270003B44183BC3ED007A97F82D30013387F893
:105280002D3097F82D30022BDCD9FB8D0133FB85B7
:10529000FA8DFB889A42B9D3FB8807EE903AB8EEB4
:1052A000E77A1D4B1B68D7ED0A6AC6EE877AC3ED15
:1052B000087A0023FB8519E0FB8D9B0030333B44CB
:1052C000183BD3ED006AFB8807EE903AB8EEE77A18
:1052D000114B1A68FB8DC6EE877A08339B00134486
:1052E0000433C3ED007AFB8D0133FB85FB8D022B6C
:1052F000E2D9094B1B68D3ED0B7A074B1B689FED76
:10530000077A77EEC77AC3ED0B7A00BF3037BD4618
:1053100080BD00BF880C0020940C0020A889803A32
:1053200080B582B000AF7860054A7B6813600421C5
:10533000786803F097FD00BF0837BD4680BD00BF09
:105340009C0C002080B483B000AF7860054B1B68D4
:105350001B687A689A6300BF0C37BD465DF8047B12
:10536000704700BF9C0C002080B58AB000AF87ED6D
:10537000010AD7ED017ABBEE0A7AF4EEC77AF1EEB4
:1053800010FA01D55D4B7B60D7ED017AB3EE0A7A56
:10539000F4EEC77AF1EE10FA01DD594B7B60594B00
:1053A000D3ED007A97ED017AB4EEE77AF1EE10FAD8
:1053B0000DD8544BD3ED017AB6EE007A77EE877AAA
:1053C000FCEEE77A17EE900AFFF7BCFF92E04D4B38
:1053D000D3ED647A97ED017AB4EEE77AF1EE10FA44
:1053E0000DDB484BD3ED657AB6EE007A77EE877A1F
:1053F000FCEEE77A17EE900AFFF7A4FF7AE00023AD
:1054000087F8273065E097F827303E4ADB001344E1
:105410001B683B6297F8273001333A4ADB0013449C
:105420001B68FB6197ED017AD7ED087AB4EEE77A55
:10543000F1EE10FA48DB97ED017AD7ED077AB4EE7A
:10544000E77AF1EE10FA3FD897F827302D4ADB00C3
:10545000134404331B68BB6197F827300133294A92
:10546000DB00134404331B687B6197ED017AD7EDB1
:10547000087A77EE676A97ED077AD7ED087A37EE04
:10548000677AC6EE877AC7ED047A97ED057AD7ED8D
:10549000067A37EE677AD7ED047A67EE277A97EDCA
:1054A000067A77EE277AC7ED037AD7ED037AB6EE60
:1054B000007A77EE877AFCEEE77A17EE903ABB60D7
:1054C000B868FFF73FFF15E097F82730013387F8FA
:1054D000273097F82730312B95D90A4BD3ED657AD1
:1054E000B6EE007A77EE877AFCEEE77A17EE900A4E
:1054F000FFF728FF2837BD4680BD00BF0000D0C1A0
:105500000000D0410000002080B483B000AF002331
:105510007B60104B5B6C0F4A43F4804353640D4B2C
:105520005B6C03F480437B607B6800233B60094B2A
:105530001B6C084A43F080531364064B1B6C03F04A
:1055400080533B603B6800BF0C37BD465DF8047B71
:10555000704700BF0038024080B58CB000AF786063
:1055600007F11C0300221A605A609A60DA601A611F
:105570007B681B68364A934230D10023BB61354BB0
:105580005B6C344A43F480735364324B5B6C03F4BA
:105590008073BB61BB6900237B612E4B1B6B2D4A63
:1055A00043F0010313632B4B1B6B03F001037B617F
:1055B0007B691023FB6103233B6200237B6207F1BD
:1055C0001C031946244801F0A5FC002200211220EA
:1055D00001F0D7FB122001F0F0FB34E07B681B6880
:1055E0001E4A93422FD100233B611A4B5B6C194A30
:1055F00043F400735364174B5B6C03F400733B611B
:105600003B690023FB60134B1B6B124A43F0010301
:105610001363104B1B6B03F00103FB60FB6820233B
:10562000FB6103233B6200237B6207F11C031946E5
:10563000094801F06FFC00220021122001F0A1FBBB
:10564000122001F0BAFB00BF3037BD4680BD00BF5D
:1056500000200140003802400000024000210140CB
:1056600080B58AB000AF786007F1140300221A6099
:105670005A609A60DA601A617B681B68194A934223
:105680002CD100233B61184B1B6B174A43F00203DC
:105690001363154B1B6B03F002033B613B694FF433
:1056A00040637B611223BB610023FB6103233B62E8
:1056B00004237B6207F1140319460C4801F02AFC0D
:1056C0000023FB60084B1B6C074A43F48003136400
:1056D000054B1B6C03F48003FB60FB6800BF28379D
:1056E000BD4680BD00580040003802400004024022
:1056F00080B590B000AF786007F12C0300221A60EB
:105700005A609A60DA601A617B681B68594A934252
:105710002DD10023BB62584B5B6C574A43F0010309
:105720005364554B5B6C03F00103BB62BB6A0023FF
:105730007B62514B1B6B504A43F0100313634E4B7B
:105740001B6B03F010037B627B6A4FF40073FB62F8
:1057500002233B6300237B630023BB630123FB63C2
:1057600007F12C031946454801F0D4FB7EE07B6825
:105770001B68434A93420ED100233B623E4B1B6C95
:105780003D4A43F0100313643B4B1B6C03F01003C2
:105790003B623B6A6AE07B681B683A4A934216D1D7
:1057A0000023FB61344B1B6C334A43F0200313642A
:1057B000314B1B6C03F02003FB61FB6900220021CD
:1057C000372001F0DEFA372001F0F7FA4EE07B686F
:1057D0001B682D4A93420ED10023BB61264B5B6CA4
:1057E000254A43F480335364234B5B6C03F48033CA
:1057F000BB61BB693AE07B681B68244A93420ED1C7
:1058000000237B611C4B5B6C1B4A43F400335364E5
:10581000194B5B6C03F400337B617B6926E07B688A
:105820001B681B4A93420ED100233B61124B5B6CF9
:10583000114A43F4802353640F4B5B6C03F48023C1
:105840003B613B6912E07B681B68124A93420DD1B1
:105850000023FB60084B1B6C074A43F040031364B2
:10586000054B1B6C03F04003FB60FB6800BF403737
:10587000BD4680BD000001400038024000100240DB
:10588000001000400014004000400140004401406E
:10589000004801400018004080B58CB000AF78602F
:1058A00007F11C0300221A605A609A60DA601A61DC
:1058B0007B681B68B3F1804F4BD10023BB613F4B2A
:1058C0001B6C3E4A43F0010313643C4B1B6C03F01A
:1058D0000103BB61BB6900237B61384B1B6B374AFB
:1058E00043F001031363354B1B6B03F001037B6132
:1058F0007B6900233B61314B1B6B304A43F0020351
:1059000013632E4B1B6B03F002033B613B694FF4A7
:105910000043FB6102233B6200237B620023BB62E6
:105920000123FB6207F11C031946254801F0F2FA36
:105930000823FB6102233B6200237B620023BB62DE
:105940000123FB6207F11C0319461E4801F0E2FA2D
:1059500030E07B681B681C4A93422BD10023FB601C
:10596000164B1B6C154A43F002031364134B1B6C5C
:1059700003F00203FB60FB680023BB600F4B1B6B53
:105980000E4A43F0020313630C4B1B6B03F002033C
:10599000BB60BB683023FB6102233B6201237B6257
:1059A0000223BB620223FB6207F11C031946054870
:1059B00001F0B0FA00BF3037BD4680BD003802406C
:1059C00000000240000402400004004080B58CB09A
:1059D00000AF786007F11C0300221A605A609A60D9
:1059E000DA601A617B681B68494A93421ED1002322
:1059F000BB61484B1B6B474A43F010031363454B95
:105A00001B6B03F01003BB61BB696023FB610223C6
:105A10003B6200237B620223BB620323FB6207F12C
:105A20001C0319463C4801F075FA6DE07B681B6861
:105A30003A4A93421FD100237B61364B1B6B354A98
:105A400043F002031363334B1B6B03F002037B61D0
:105A50007B694FF48073FB6102233B6200237B620E
:105A60000223BB620323FB6207F11C0319462C4887
:105A700001F050FA48E07B681B682A4A93421FD124
:105A800000233B61234B1B6B224A43F00203136349
:105A9000204B1B6B03F002033B613B694FF4007327
:105AA000FB6102233B6200237B620223BB62032370
:105AB000FB6207F11C031946194801F02BFA23E099
:105AC0007B681B68184A93421ED10023FB60114B70
:105AD0001B6B104A43F0020313630E4B1B6B03F066
:105AE0000203FB60FB684FF40043FB6102233B624F
:105AF00000237B620223BB620923FB6207F11C03C4
:105B00001946074801F006FA00BF3037BD4680BD90
:105B100000400140003802400010024000440140B3
:105B200000040240004801400018004080B58AB0DF
:105B300000AF786007F1140300221A605A609A607F
:105B4000DA601A617B681B681D4A934234D10023D6
:105B50003B611C4B1B6C1B4A43F480231364194BA1
:105B60001B6C03F480233B613B690023FB60154BF6
:105B70001B6B144A43F008031363124B1B6B03F0B7
:105B80000803FB60FB684FF440737B610223BB6139
:105B90000023FB6102233B6207237B6207F11403AE
:105BA0001946094801F0B6F900220021272001F02A
:105BB000E8F8272001F001F900BF2837BD4680BD75
:105BC0000048004000380240000C024080B400AFA2
:105BD00000BFFDE780B400AF00BFFDE780B400AFB9
:105BE00000BFFDE780B400AF00BFFDE780B400AFA9
:105BF00000BFFDE780B400AF00BFBD465DF8047B89
:105C0000704780B400AF00BFBD465DF8047B7047AD
:105C100080B400AF00BFBD465DF8047B704780B51F
:105C200000AF00F057FA00BF80BD000080B500AFA4
:105C3000034800F067FC034800F064FC00BF80BD2F
:105C4000BC0300200404002080B500AF024804F02B
:105C500057FB00BF80BD00BF2807002080B500AF04
:105C60004FF4805001F024FB00BF80BD80B500AF31
:105C7000024803F0A1FB00BF80BD00BFC0050020AB
:105C800080B400AF01231846BD465DF8047B704721
:105C900080B582B000AF7860396006F0BFFB034684
:105CA00016221A604FF0FF3318460837BD4680BDF4
:105CB00080B582B000AF78604FF0FF317868FFF7B1
:105CC000E7FF00BFFDE780B586B000AFF860B960C0
:105CD0007A6000237B610AE0AFF300800146BB6875
:105CE0005A1CBA60CAB21A707B6901337B617A6947
:105CF0007B689A42F0DB7B6818461837BD4680BD4A
:105D000080B586B000AFF860B9607A6000237B612F
:105D100009E0BB685A1CBA601B781846AFF30080D4
:105D20007B6901337B617A697B689A42F1DB7B682E
:105D300018461837BD4680BD80B483B000AF786088
:105D40004FF0FF3318460C37BD465DF8047B7047B3
:105D500080B483B000AF786039603B684FF4005284
:105D60005A60002318460C37BD465DF8047B704727
:105D700080B483B000AF7860012318460C37BD466D
:105D80005DF8047B704780B485B000AFF860B960FF
:105D90007A60002318461437BD465DF8047B7047CF
:105DA00080B586B000AF7860144A154BD31A7B617A
:105DB0007B693B61134B1B68002B02D1114B124ACC
:105DC0001A60104B1A687B6813443A699A4207D2EA
:105DD00006F024FB03460C221A604FF0FF3309E063
:105DE000084B1B68FB60074B1A687B681344054A25
:105DF0001360FB6818461837BD4680BD00000220BE
:105E000000040000A00C00201012002080B400AF9D
:105E1000064BD3F88830054A43F47003C2F8883043
:105E200000BFBD465DF8047B704700BF00ED00E099
:105E300080B500AF024802F0E3FE00BF80BD00BFA6
:105E40007805002080B586B000AF0346FB80FB8854
:105E5000B3F5805F74D100F051F978613B4B1B784A
:105E6000DBB2002B6ED03A4B1B687A69D31A282B11
:105E700006D9364B00221A70364B00221A7062E0A7
:105E80004FF48051344801F0E1F90346FB74314B83
:105E90001B78DBB2002B0CD12E4B01221A7000F0C4
:105EA00069F803461A462D4B1A802D4A7B69136008
:105EB00049E02B4B1B687A69D31A0A2B03D9254B6F
:105EC00000221A703FE000F055F803463B82234B56
:105ED0001B889BB23A8A9A4206D3204B1B889BB2FE
:105EE0003A8AD31A9BB205E01C4B1B889BB23A8AB4
:105EF000D31A9BB2FB81FB894F2B1AD9FB8941F244
:105F00008832934215D8174AFB891380164A7B6959
:105F10001360164B01221A70FB8907EE903AF8EED7
:105F2000677A9FED137A67EE877AB0EE670AFEF71D
:105F3000C3FF064B00221A70064B00221A7002E0C3
:105F400000BF00E000BF1837BD4680BDB80C002080
:105F5000B40C0020AC0C002000080240AE0C002065
:105F6000B00C0020A60C0020A80C0020A40C0020DF
:105F7000BD37863580B400AF044B1B685B6A9BB2AB
:105F80001846BD465DF8047B704700BF78050020C9
:105F900080B500AF064B01221A70064B00221A7022
:105FA00000F0ACF80346044A136000BF80BD00BF98
:105FB000B80C0020AC0C0020B40C002080B500AF61
:105FC0000121054801F042F90346012B14BF0123CA
:105FD0000023DBB2184680BD00100240DFF834D049
:105FE0000D480E490E4A002302E0D458C450043331
:105FF000C4188C42F9D30B4A0B4C002301E0136008
:106000000432A242FBD3FFF701FF06F00DFAFCF7C2
:1060100023FB704700000220000000206C030020DA
:10602000981A01086C0300200C120020FEE7000003
:1060300080B500AF0E4B1B680D4A43F4007313602C
:106040000B4B1B680A4A43F480631360084B1B68C0
:10605000074A43F480731360032000F087FE0F208B
:1060600000F008F8FFF750FA0023184680BD00BF83
:10607000003C024080B582B000AF7860124B1A68D5
:10608000124B1B7819464FF47A73B3FBF1F3B2FB52
:10609000F3F3184600F09FFE0346002B01D00123C6
:1060A0000EE07B680F2B0AD8002279684FF0FF3092
:1060B00000F067FE064A7B681360002300E00123BE
:1060C00018460837BD4680BD98010020A001002079
:1060D0009C01002080B400AF064B1B781A46064B8B
:1060E0001B681344044A136000BFBD465DF8047B7F
:1060F000704700BFA0010020BC0C002080B400AF9E
:10610000034B1B681846BD465DF8047B704700BF13
:10611000BC0C002080B584B000AF7860FFF7EEFFC4
:10612000B8607B68FB60FB68B3F1FF3F05D00A4BAA
:106130001B781A46FB681344FB6000BFFFF7DEFFC5
:106140000246BB68D31AFA689A42F7D800BF00BF6C
:106150001037BD4680BD00BFA001002080B584B0CF
:1061600000AF78600023FB737B68002B01D1012313
:1061700033E07B681B6C002B09D17868FFF7ECF9E2
:106180007B6800225A647B68002283F83C207B688D
:106190001B6C03F01003002B18D17B681B6C23F4DD
:1061A000885323F0020343F002027B681A64786884
:1061B00000F006FC7B6800225A647B681B6C23F0AD
:1061C000030343F001027B681A6401E00123FB73BF
:1061D0007B68002283F83C20FB7B18461037BD46C5
:1061E00080BD000080B485B000AF78600023BB6044
:1061F0007B6893F83C30012B01D10223B2E07B682D
:10620000012283F83C207B681B689B6803F0010334
:10621000012B18D07B681B689A687B681B6842F06A
:1062200001029A60524B1B68524AA2FB03239A0C4C
:1062300013465B001344BB6002E0BB68013BBB60DC
:10624000BB68002BF9D17B681B689B6803F00103D6
:10625000012B7AD17B681B6C23F4E06323F00103EC
:1062600043F480727B681A647B681B685B6803F484
:106270008063002B07D07B681B6C23F4405343F4EE
:1062800080527B681A647B681B6C03F48053B3F5FF
:10629000805F06D17B685B6C23F006027B685A64E2
:1062A00002E07B6800225A647B68002283F83C206D
:1062B000314BFB607B681B686FF022021A60FB6841
:1062C0005B6803F01F03002B2AD17B681B682B4AF5
:1062D000934215D07B681B68294A934205D1264B0F
:1062E0005B6803F01F03002B0AD07B681B68254AFC
:1062F000934236D1204B5B6803F01003002B30D162
:106300007B681B689B6803F04053002B29D17B6896
:106310001B689A687B681B6842F080429A6020E0A4
:106320007B681B68154A93421BD17B681B689B687E
:1063300003F04053002B14D17B681B689A687B687C
:106340001B6842F080429A600BE07B681B6C43F054
:1063500010027B681A647B685B6C43F001027B6807
:106360005A64002318461437BD465DF8047B704715
:106370009801002083DE1B430023014000200140E0
:10638000002101400022014080B483B000AF78605A
:106390007B6893F83C30012B01D1022321E07B681C
:1063A000012283F83C207B681B689A687B681B6825
:1063B00022F001029A607B681B689B6803F001036E
:1063C000002B09D17B681B6C23F4885323F0010355
:1063D00043F001027B681A647B68002283F83C204A
:1063E000002318460C37BD465DF8047B704780B526
:1063F00084B000AF786039600023FB607B681B6865
:106400009B6803F48063B3F5806F13D17B681B68CE
:106410009B6803F48073B3F5807F0BD17B681B6CA2
:1064200043F020027B681A647B68002283F83C20DA
:10643000012363E0FFF762FEF86021E03B68B3F1FF
:10644000FF3F1DD03B68002B07D0FFF757FE0246E9
:10645000FB68D31A3A689A4212D27B681B681B68A1
:1064600003F00203022B0BD07B681B6C43F0040289
:106470007B681A647B68002283F83C2003233DE09C
:106480007B681B681B6803F00203022BD6D17B6874
:106490001B686FF012021A607B681B6C43F4007279
:1064A0007B681A647B681B689B6803F04053002B71
:1064B00023D17B681B7E002B1FD17B681B68DB6AA6
:1064C00003F47003002B06D07B681B689B6803F401
:1064D0008063002B11D17B681B6C23F480727B6876
:1064E0001A647B681B6C03F48053002B05D17B6816
:1064F0001B6C43F001027B681A64002318461037B6
:10650000BD4680BD80B586B000AF786000237B615A
:1065100000233B617B681B681B68FB607B681B6812
:106520005B68BB60FB6803F002037B61BB6803F040
:1065300020033B617B69002B49D03B69002B46D08F
:106540007B681B6C03F01003002B05D17B681B6C70
:1065500043F400727B681A647B681B689B6803F0D5
:106560004053002B2BD17B681B7E002B27D17B68EF
:106570001B68DB6A03F47003002B06D07B681B6882
:106580009B6803F48063002B19D17B681B685A68F1
:106590007B681B6822F020025A607B681B6C23F426
:1065A00080727B681A647B681B6C03F48053002B39
:1065B00005D17B681B6C43F001027B681A64786824
:1065C00000F0BDF87B681B686FF012021A60FB6870
:1065D00003F004037B61BB6803F080033B617B69CC
:1065E000002B57D03B69002B54D07B681B6C03F009
:1065F0001003002B05D17B681B6C43F400527B68B1
:106600001A647B681B689B6803F44013002B39D124
:106610007B681B689B6B03F44013002B06D07B68E0
:106620001B689B6803F48063002B2BD17B681B687D
:106630005B6803F48063002B24D17B681B689B6834
:1066400003F04053002B1DD17B681B7E002B19D11A
:106650007B681B685A687B681B6822F080025A605E
:106660007B681B6C23F480527B681A647B681B6C0C
:1066700003F48073002B05D17B681B6C43F001028F
:106680007B681A64786800F097FA7B681B686FF083
:106690000C021A60FB6803F001037B61BB6803F026
:1066A00040033B617B69002B17D03B69002B14D062
:1066B0007B681B681B6803F00103012B0DD17B680D
:1066C0001B6C43F480327B681A64786800F041F8F0
:1066D0007B681B686FF001021A60FB6803F02003FF
:1066E0007B61BB6803F080633B617B69002B15D045
:1066F0003B69002B12D07B685B6C43F002027B6825
:106700005A647B681B686FF020021A60786800F09A
:106710002AF87B681B686FF020021A6000BF1837E8
:10672000BD4680BD80B483B000AF78607B681B68D5
:10673000DB6C18460C37BD465DF8047B704780B4AF
:1067400083B000AF786000BF0C37BD465DF8047BB6
:10675000704780B483B000AF786000BF0C37BD468F
:106760005DF8047B704780B483B000AF786000BFF1
:106770000C37BD465DF8047B7047000080B485B0DF
:1067800000AF786039600023BB607B6893F83C30D1
:10679000012B01D1022305E17B68012283F83C2013
:1067A0003B681B68092B25D97B681B68D9683B6847
:1067B0001B689BB21A4613465B0013441E3B07221C
:1067C00002FA03F3DA437B681B680A40DA607B68ED
:1067D0001B68D9683B689A683B681B689BB218467F
:1067E00003465B0003441E3B9A407B681B680A43D8
:1067F000DA6022E07B681B6819693B681B689BB202
:106800001A4613465B001344072202FA03F3DA43E5
:106810007B681B680A401A617B681B6819693B68C2
:106820009A683B681B689BB2184603465B000344AA
:106830009A407B681B680A431A613B685B68062BB9
:1068400024D87B681B68596B3B685A6813469B00C9
:106850001344053B1F2202FA03F3DA437B681B68EB
:106860000A405A637B681B68596B3B681B689BB284
:1068700018463B685A6813469B001344053B00FAD0
:1068800003F27B681B680A435A634CE03B685B6811
:106890000C2B24D87B681B68196B3B685A6813461D
:1068A0009B001344233B1F2202FA03F3DA437B6865
:1068B0001B680A401A637B681B68196B3B681B687E
:1068C0009BB218463B685A6813469B001344233B0F
:1068D00000FA03F27B681B680A431A6323E07B68B3
:1068E0001B68D96A3B685A6813469B001344413BB6
:1068F0001F2202FA03F3DA437B681B680A40DA625C
:106900007B681B68D96A3B681B689BB218463B686A
:106910005A6813469B001344413B00FA03F27B681C
:106920001B680A43DA62224BFB607B681B68214AC2
:10693000934209D13B681B68122B05D1FB685B6849
:1069400043F48002FB685A607B681B68194A9342D3
:1069500023D13B681B68102B03D03B681B68112BAD
:106960001BD1FB685B6843F40002FB685A603B681C
:106970001B68102B11D1104B1B68104AA2FB03237C
:106980009A0C13469B0013445B00BB6002E0BB689B
:10699000013BBB60BB68002BF9D17B68002283F808
:1069A0003C20002318461437BD465DF8047B704731
:1069B00000230140002001409801002083DE1B439A
:1069C00080B485B000AF7860794BFB60FB685B6892
:1069D00023F44032FB685A60FB685A687B685B6846
:1069E0001A43FB685A607B681B685A687B681B689F
:1069F00022F480725A607B681B6859687B681B6947
:106A00001A027B681B680A435A607B681B685A68D5
:106A10007B681B6822F040725A607B681B6859686B
:106A20007B689A687B681B680A435A607B681B68AE
:106A30009A687B681B6822F400629A607B681B6816
:106A400099687B68DA687B681B680A439A607B6890
:106A50009B6A584A934222D07B681B689A687B687D
:106A60001B6822F070629A607B681B6899687B687B
:106A70009A6A7B681B680A439A607B681B689A68FD
:106A80007B681B6822F040529A607B681B6899689B
:106A90007B68DA6A7B681B680A439A600FE07B6850
:106AA0001B689A687B681B6822F070629A607B683A
:106AB0001B689A687B681B6822F040529A607B686A
:106AC0001B689A687B681B6822F002029A607B68E8
:106AD0001B6899687B681B7E5A007B681B680A43A9
:106AE0009A607B6893F82030002B1BD07B681B6872
:106AF0005A687B681B6842F400625A607B681B68B6
:106B00005A687B681B6822F460425A607B681B6885
:106B100059687B685B6A013B5A037B681B680A43C0
:106B20005A6007E07B681B685A687B681B6822F420
:106B300000625A607B681B68DA6A7B681B6822F413
:106B40007002DA627B681B68D96A7B68DB69013B8B
:106B50001A057B681B680A43DA627B681B689A68BF
:106B60007B681B6822F400729A607B681B689968D6
:106B70007B6893F830305A027B681B680A439A603E
:106B80007B681B689A687B681B6822F480629A6045
:106B90007B681B6899687B685B699A027B681B68E5
:106BA0000A439A6000BF1437BD465DF8047B704706
:106BB000002301400100000F80B483B000AF786073
:106BC00000BF0C37BD465DF8047B704780B485B0CC
:106BD00000AF78607B6803F00703FB600C4BDB6859
:106BE000BB60BA684FF6FF031340BB60FB681A0234
:106BF000BB68134343F0BF6343F40033BB60044AF4
:106C0000BB68D36000BF1437BD465DF8047B704796
:106C100000ED00E080B400AF044BDB681B0A03F01A
:106C200007031846BD465DF8047B704700ED00E0A1
:106C300080B483B000AF0346FB7197F90730002B97
:106C40000BDBFB7903F01F02074997F907305B095B
:106C5000012000FA02F241F8232000BF0C37BD46A4
:106C60005DF8047B704700BF00E100E080B483B0B2
:106C700000AF03463960FB7197F90730002B0ADB40
:106C80003B68DAB20C4997F907301201D2B20B44D3
:106C900083F800230AE03B68DAB20849FB7903F085
:106CA0000F03043B1201D2B20B441A7600BF0C371B
:106CB000BD465DF8047B704700E100E000ED00E0B8
:106CC00080B489B000AFF860B9607A60FB6803F007
:106CD0000703FB61FB69C3F10703042B28BF0423EF
:106CE000BB61FB690433062B02D9FB69033B00E05F
:106CF00000237B614FF0FF32BB6902FA03F3DA43F2
:106D0000BB681A407B699A404FF0FF317B6901FAFA
:106D100003F3D9437B680B40134318462437BD4621
:106D20005DF8047B7047000080B582B000AF7860EA
:106D30007B68013BB3F1807F01D301230FE00A4A56
:106D40007B68013B53600F214FF0FF30FFF78EFF50
:106D5000054B00229A60044B07221A600023184654
:106D60000837BD4680BD00BF10E000E080B582B0AE
:106D700000AF78607868FFF729FF00BF0837BD468D
:106D800080BD80B586B000AF0346B9607A60FB7302
:106D900000237B61FFF73EFF78617A68B968786904
:106DA000FFF78EFF024697F90F3011461846FFF79E
:106DB0005DFF00BF1837BD4680BD80B582B000AF13
:106DC0000346FB7197F907301846FFF731FF00BF04
:106DD0000837BD4680BD80B582B000AF7860786866
:106DE000FFF7A2FF034618460837BD4680BD80B5B1
:106DF00084B000AF78607B689B6DFB60FFF77EF925
:106E0000B8607B6893F83530DBB2022B08D07B6822
:106E100080225A657B68002283F83420012352E0E7
:106E20007B681B681A687B681B6822F016021A6070
:106E30007B681B685A697B681B6822F080025A6174
:106E40007B681B6C002B03D17B689B6C002B07D0ED
:106E50007B681B681A687B681B6822F008021A604E
:106E60007B681B681A687B681B6822F001021A6045
:106E700013E0FFF743F90246BB68D31A052B0CD980
:106E80007B6820225A657B68032283F835207B6863
:106E9000002283F83420032315E07B681B681B68FD
:106EA00003F00103002BE4D17B68DB6D3F229A40A5
:106EB000FB689A607B68012283F835207B6800229A
:106EC00083F83420002318461037BD4680BD80B4B7
:106ED00083B000AF78607B6893F83530DBB2022B6B
:106EE00004D07B6880225A6501230CE07B68052270
:106EF00083F835207B681B681A687B681B6822F062
:106F000001021A60002318460C37BD465DF8047B69
:106F10007047000080B489B000AF7860396000230A
:106F20007B6100233B610023BB610023FB616BE1BC
:106F30000122FB6902FA03F37B613B681B687A69F3
:106F400013403B613A697B699A4240F05A813B6841
:106F50005B6803F00303012B05D03B685B6803F01B
:106F60000303022B30D17B689B68BB61FB695B002C
:106F7000032202FA03F3DB43BA691340BB613B68A7
:106F8000DA68FB695B0002FA03F3BA691343BB6179
:106F90007B68BA699A607B685B68BB610122FB69A8
:106FA00002FA03F3DB43BA691340BB613B685B68D9
:106FB0001B0903F00102FB6902FA03F3BA691343E8
:106FC000BB617B68BA695A603B685B6803F0030386
:106FD000032B17D07B68DB68BB61FB695B00032276
:106FE00002FA03F3DB43BA691340BB613B689A685A
:106FF000FB695B0002FA03F3BA691343BB617B6868
:10700000BA69DA603B685B6803F00303022B23D1A3
:10701000FB69DA087B68083253F82230BB61FB69F0
:1070200003F007039B000F2202FA03F3DB43BA6964
:107030001340BB613B681A69FB6903F007039B00BF
:1070400002FA03F3BA691343BB61FB69DA087B6890
:107050000832B96943F822107B681B68BB61FB6981
:107060005B00032202FA03F3DB43BA691340BB61FE
:107070003B685B6803F00302FB695B0002FA03F301
:10708000BA691343BB617B68BA691A603B685B6885
:1070900003F44033002B00F0B4800023FB60604B0E
:1070A0005B6C5F4A43F4804353645D4B5B6C03F459
:1070B0008043FB60FB685B4AFB699B08023352F824
:1070C0002330BB61FB6903F003039B000F2202FA2C
:1070D00003F3DB43BA691340BB617B68524A9342B6
:1070E0002BD07B68514A934225D07B68504A93420B
:1070F0001FD07B684F4A934219D07B684E4A934217
:1071000013D07B684D4A93420DD07B684C4A934222
:1071100007D07B684B4A934201D107230EE0082336
:107120000CE006230AE0052308E0042306E003231D
:1071300004E0022302E0012300E00023FA6902F0E8
:10714000030292009340BA691343BB613549FB695E
:107150009B080233BA6941F823203B4B9B68BB6113
:107160003B69DB43BA691340BB613B685B6803F46E
:107170008013002B03D0BA693B691343BB61324AC9
:10718000BB699360304BDB68BB613B69DB43BA6929
:107190001340BB613B685B6803F40013002B03D012
:1071A000BA693B691343BB61274ABB69D360264B6D
:1071B0005B68BB613B69DB43BA691340BB613B68F9
:1071C0005B6803F40033002B03D0BA693B691343B7
:1071D000BB611D4ABB6953601B4B1B68BB613B69AC
:1071E000DB43BA691340BB613B685B6803F48033DF
:1071F000002B03D0BA693B691343BB61124ABB69D8
:107200001360FB690133FB61FB690F2B7FF690AEC6
:1072100000BF00BF2437BD465DF8047B704700BF48
:1072200000380240003801400000024000040240E3
:1072300000080240000C024000100240001402400E
:1072400000180240001C0240003C014080B485B0A0
:1072500000AF78600B467B807B681A697B8813409F
:10726000002B02D00123FB7301E00023FB73FB7BA7
:1072700018461437BD465DF8047B704780B483B070
:1072800000AF78600B467B8013467B707B78002BC9
:1072900003D07A887B689A6103E07B881A047B6854
:1072A0009A6100BF0C37BD465DF8047B7047000053
:1072B00080B582B000AF0346FB80084B5A69FB885B
:1072C0001340002B06D0054AFB885361FB88184603
:1072D000FEF7B8FD00BF0837BD4680BD003C014049
:1072E00080B584B000AF78607B68002B01D10123AA
:1072F0002BE17B6893F83D30DBB2002B06D17B6835
:10730000002283F83C207868FEF7AAF97B682422E3
:1073100083F83D207B681B681A687B681B6822F035
:1073200001021A607B681B681A687B681B6842F45C
:1073300000421A607B681B681A687B681B6822F42D
:1073400000421A6001F0E4FBF8607B685B68814AE8
:10735000934207D8FB68804A934294BF01230023DD
:10736000DBB206E0FB687D4A934294BF0123002311
:10737000DBB2002B01D00123E7E0FB68784AA2FBD7
:1073800003239B0CBB607B681B685B6823F03F0199
:107390007B681B68BA680A435A607B681B681B6A73
:1073A00023F03F017B685B686A4A934202D8BB685E
:1073B000013309E0BB684FF4967202FB03F3694A9C
:1073C000A2FB03239B0901337A6812680B43136203
:1073D0007B681B68DB6923F44F4222F0FF027B6865
:1073E0005B685C498B4219D8FB68591E7B685B68F7
:1073F0005B00B1FBF3F3591C40F6FC730B40002B10
:107400000AD0FB68591E7B685B685B00B1FBF3F335
:107410000133C3F30B0351E004234FE07B689B6807
:10742000002B11D1FB68581E7B6859680B465B0026
:107430000B44B0FBF3F30133C3F30B03002B0CBF7E
:1074400001230023DBB212E0FB68581E7B685968F9
:107450000B469B000B4499000B44B0FBF3F3013344
:10746000C3F30B03002B0CBF01230023DBB2002B63
:1074700001D0012322E07B689B68002B0ED1FB68C2
:10748000581E7B6859680B465B000B44B0FBF3F356
:107490000133C3F30B0343F400430FE0FB68581EB2
:1074A0007B6859680B469B000B4499000B44B0FB6A
:1074B000F3F30133C3F30B0343F4404379680968E2
:1074C0001343CB617B681B681B6823F0C0017B689A
:1074D000DA697B681B6A1A437B681B680A431A6077
:1074E0007B681B689B6823F4034323F0FF037A68DF
:1074F00011697A68D26811437A6812680B43936005
:107500007B681B68DB6823F0FF017B685A697B6836
:107510009B691A437B681B680A43DA607B681B68B7
:107520001A687B681B6842F001021A607B680022BF
:107530001A647B68202283F83D207B6800221A634E
:107540007B68002283F83E20002318461037BD4692
:1075500080BD00BFA08601007F841E00FF083D00A3
:1075600083DE1B43D34D621080B588B002AFF86054
:10757000084611461A4603467B810B463B8113465B
:10758000FB80FEF7BBFD7861FB6893F83D30DBB212
:10759000202B40F0D9807B690093192301226D498B
:1075A000F86800F07FFC0346002B01D00223CCE0FA
:1075B000FB6893F83C30012B01D10223C5E0FB6846
:1075C000012283F83C20FB681B681B6803F0010361
:1075D000012B07D0FB681B681A68FB681B6842F028
:1075E00001021A60FB681B681A68FB681B6822F4BA
:1075F00000621A60FB68212283F83D20FB6840226C
:1076000083F83E20FB6800221A64FB683A6A5A62DB
:10761000FB68BA8C5A85FB685B8D9AB2FB681A8549
:10762000FB684D4ADA62F8883A8979897B69019367
:10763000BB6A00930346F86800F0B6FA0346002BD5
:1076400052D0012381E07A69B96AF86800F000FD40
:107650000346002B0DD0FB681B6C042B07D1FB6885
:107660001B681A68FB681B6842F400721A600123E9
:107670006BE0FB685B6A1A78FB681B681A61FB6841
:107680005B6A5A1CFB685A62FB681B8D013B9AB20D
:10769000FB681A85FB685B8D9BB2013B9AB2FB6865
:1076A0005A85FB681B685B6903F00403042B1BD13C
:1076B000FB681B8D002B17D0FB685B6A1A78FB6890
:1076C0001B681A61FB685B6A5A1CFB685A62FB689C
:1076D0001B8D013B9AB2FB681A85FB685B8D9BB2E0
:1076E000013B9AB2FB685A85FB681B8D002BAAD11F
:1076F0007A69B96AF86800F0ECFC0346002B0DD0FB
:10770000FB681B6C042B07D1FB681B681A68FB68BD
:107710001B6842F400721A60012316E0FB681B68C4
:107720001A68FB681B6842F400721A60FB6820222A
:1077300083F83D20FB68002283F83E20FB6800228E
:1077400083F83C20002300E0022318461837BD468A
:1077500080BD00BF020010000000FFFF80B58CB0AC
:1077600002AFF860084611461A4603467B810B4675
:107770003B811346FB80FEF7C1FC7862FB6893F8FF
:107780003D30DBB2202B40F008827B6A0093192346
:1077900001227B49F86800F085FB0346002B01D0ED
:1077A0000223FBE1FB6893F83C30012B01D102235B
:1077B000F4E1FB68012283F83C20FB681B681B682E
:1077C00003F00103012B07D0FB681B681A68FB68F4
:1077D0001B6842F001021A60FB681B681A68FB68AC
:1077E0001B6822F400621A60FB68222283F83D20A5
:1077F000FB68402283F83E20FB6800221A64FB6885
:107800003A6B5A62FB68BA8E5A85FB685B8D9AB2F6
:10781000FB681A85FB685B4ADA62F8883A897989DD
:107820007B6A0193BB6B00930346F86800F052FA41
:107830000346002B01D00123B0E1FB681B8D002B18
:1078400013D100233B62FB681B685B693B62FB68EA
:107850001B689B693B623B6AFB681B681A68FB6894
:107860001B6842F400721A6084E1FB681B8D012BD7
:107870001BD1FB681B681A68FB681B6822F48062D6
:107880001A600023FB61FB681B685B69FB61FB6896
:107890001B689B69FB61FB69FB681B681A68FB68D6
:1078A0001B6842F400721A6064E1FB681B8D022BB6
:1078B0001BD1FB681B681A68FB681B6822F4806296
:1078C0001A60FB681B681A68FB681B6842F4006258
:1078D0001A600023BB61FB681B685B69BB61FB68C6
:1078E0001B689B69BB61BB6944E100237B61FB684A
:1078F0001B685B697B61FB681B689B697B617B69BB
:1079000038E1FB681B8D032B00F2F180FB681B8DB7
:10791000012B23D17A6AB96BF86800F01BFC03468F
:10792000002B01D0012339E1FB681B681A69FB6851
:107930005B6AD2B21A70FB685B6A5A1CFB685A62B7
:10794000FB681B8D013B9AB2FB681A85FB685B8D57
:107950009BB2013B9AB2FB685A850BE1FB681B8D19
:10796000022B4ED17B6A0093BB6B00220649F8685C
:1079700000F098FA0346002B08D001230EE100BF67
:10798000020010000000FFFF04000100FB681B68FC
:107990001A68FB681B6842F400721A60FB681B6877
:1079A0001A69FB685B6AD2B21A70FB685B6A5A1C80
:1079B000FB685A62FB681B8D013B9AB2FB681A8513
:1079C000FB685B8D9BB2013B9AB2FB685A85FB68F2
:1079D0001B681A69FB685B6AD2B21A70FB685B6A43
:1079E0005A1CFB685A62FB681B8D013B9AB2FB680C
:1079F0001A85FB685B8D9BB2013B9AB2FB685A8586
:107A0000B8E07B6A0093BB6B00226649F86800F01F
:107A100049FA0346002B01D00123BFE0FB681B6835
:107A20001A68FB681B6822F480621A60FB681B6896
:107A30001A69FB685B6AD2B21A70FB685B6A5A1CEF
:107A4000FB685A62FB681B8D013B9AB2FB681A8582
:107A5000FB685B8D9BB2013B9AB2FB685A857B6ADF
:107A60000093BB6B00224F49F86800F01BFA0346F5
:107A7000002B01D0012391E0FB681B681A68FB68AA
:107A80001B6842F400721A60FB681B681A69FB6885
:107A90005B6AD2B21A70FB685B6A5A1CFB685A6256
:107AA000FB681B8D013B9AB2FB681A85FB685B8DF6
:107AB0009BB2013B9AB2FB685A85FB681B681A6946
:107AC000FB685B6AD2B21A70FB685B6A5A1CFB687F
:107AD0005A62FB681B8D013B9AB2FB681A85FB68F2
:107AE0005B8D9BB2013B9AB2FB685A8542E07A6A91
:107AF000B96BF86800F02EFB0346002B01D0012380
:107B00004CE0FB681B681A69FB685B6AD2B21A70AA
:107B1000FB685B6A5A1CFB685A62FB681B8D013B61
:107B20009AB2FB681A85FB685B8D9BB2013B9AB2E7
:107B3000FB685A85FB681B685B6903F00403042B30
:107B400018D1FB681B681A69FB685B6AD2B21A70AD
:107B5000FB685B6A5A1CFB685A62FB681B8D013B21
:107B60009AB2FB681A85FB685B8D9BB2013B9AB2A7
:107B7000FB685A85FB681B8D002B7FF4C2AEFB6847
:107B8000202283F83D20FB68002283F83E20FB681A
:107B9000002283F83C20002300E002231846283707
:107BA000BD4680BD0400010080B588B002AFF8601A
:107BB000084611461A4603467B810B463B81134615
:107BC000FB80FB681B681A68FB681B6842F48072C4
:107BD0001A607B6A00933B6A00224FF00111F8683B
:107BE00000F060F90346002B0DD0FB681B681B6892
:107BF00003F48073B3F5807F03D1FB684FF4007208
:107C00001A6403235FE07B89DBB21A46FB681B68BA
:107C100002F0FE021A617B6A3A6A2D49F86800F0A8
:107C200098F90346002B01D001234CE000237B612F
:107C3000FB681B685B697B61FB681B689B697B61F8
:107C40007B697A6A396AF86800F002FA0346002B09
:107C50000DD0FB681B6C042B07D1FB681B681A68EE
:107C6000FB681B6842F400721A6001232BE0FB885A
:107C7000012B05D13B89DAB2FB681B681A6121E050
:107C80003B891B0A9BB2DAB2FB681B681A617A6AED
:107C9000396AF86800F0DCF90346002B0DD0FB6868
:107CA0001B6C042B07D1FB681B681A68FB681B68F8
:107CB00042F400721A60012305E03B89DAB2FB68E6
:107CC0001B681A61002318461837BD4680BD00BFE7
:107CD0000200010080B588B002AFF8600846114686
:107CE0001A4603467B810B463B811346FB80FB68AB
:107CF0001B681A68FB681B6842F480621A60FB68A4
:107D00001B681A68FB681B6842F480721A607B6A01
:107D100000933B6A00224FF00111F86800F0C2F8AE
:107D20000346002B0DD0FB681B681B6803F48073AF
:107D3000B3F5807F03D1FB684FF400721A6403230C
:107D4000AAE07B89DBB21A46FB681B6802F0FE02E0
:107D50001A617B6A3A6A5249F86800F0FAF80346F9
:107D6000002B01D0012397E000237B61FB681B6897
:107D70005B697B61FB681B689B697B617B697A6AD5
:107D8000396AF86800F064F90346002B0DD0FB68EF
:107D90001B6C042B07D1FB681B681A68FB681B6807
:107DA00042F400721A60012376E0FB88012B05D1B2
:107DB0003B89DAB2FB681B681A6121E03B891B0A28
:107DC0009BB2DAB2FB681B681A617A6A396AF86892
:107DD00000F03EF90346002B0DD0FB681B6C042B12
:107DE00007D1FB681B681A68FB681B6842F40072C5
:107DF0001A60012350E03B89DAB2FB681B681A6104
:107E00007A6A396AF86800F023F90346002B0DD02E
:107E1000FB681B6C042B07D1FB681B681A68FB68A6
:107E20001B6842F400721A60012335E0FB681B688E
:107E30001A68FB681B6842F480721A607B6A0093C0
:107E40003B6A00224FF00111F86800F02BF803465E
:107E5000002B0DD0FB681B681B6803F48073B3F51F
:107E6000807F03D1FB684FF400721A64032313E090
:107E70007B89DBB243F00103DAB2FB681B681A614D
:107E80007B6A3A6A0649F86800F063F80346002BFB
:107E900001D0012300E0002318461837BD4680BDFD
:107EA0000200010080B584B000AFF860B9603B60AB
:107EB0001346FB7125E03B68B3F1FF3F21D0FEF78D
:107EC0001DF90246BB69D31A3A689A4202D33B684D
:107ED000002B16D1FB6800221A63FB68202283F86E
:107EE0003D20FB68002283F83E20FB681B6C43F0BA
:107EF0002002FB681A64FB68002283F83C200123FF
:107F000023E0BB681B0CDBB2012B0DD1FB681B68A7
:107F10005B69DA43BB6813409BB2002B0CBF0123A3
:107F20000023DBB21A460CE0FB681B689B69DA434E
:107F3000BB6813409BB2002B0CBF01230023DBB2B4
:107F40001A46FB799A42B6D0002318461037BD4630
:107F500080BD80B584B000AFF860B9607A603B60E6
:107F600051E0FB681B685B6903F48063B3F5806FC5
:107F700023D1FB681B681A68FB681B6842F4007217
:107F80001A60FB681B686FF480625A61FB6800220C
:107F90001A63FB68202283F83D20FB68002283F8E7
:107FA0003E20FB681B6C43F00402FB681A64FB680C
:107FB000002283F83C20012346E07B68B3F1FF3FB9
:107FC00021D0FEF79BF802463B68D31A7A689A42A2
:107FD00002D37B68002B16D1FB6800221A63FB6872
:107FE000202283F83D20FB68002283F83E20FB68B6
:107FF0001B6C43F02002FB681A64FB68002283F8C4
:108000003C20012320E0BB681B0CDBB2012B0CD110
:10801000FB681B685B69DA43BB6813409BB2002BAB
:1080200014BF01230023DBB20BE0FB681B689B69D4
:10803000DA43BB6813409BB2002B14BF012300231B
:10804000DBB2002B8DD1002318461037BD4680BD12
:1080500080B584B000AFF860B9607A602DE0F86850
:1080600000F0CEF80346002B01D001232DE0BB68C1
:10807000B3F1FF3F21D0FEF741F802467B68D31AE7
:10808000BA689A4202D3BB68002B16D1FB68002263
:108090001A63FB68202283F83D20FB68002283F8E6
:1080A0003E20FB681B6C43F02002FB681A64FB68EF
:1080B000002283F83C20012307E0FB681B685B6912
:1080C00003F08003802BCAD1002318461037BD4629
:1080D00080BD80B584B000AFF860B9607A602DE0F3
:1080E000F86800F08DF80346002B01D001232DE045
:1080F000BB68B3F1FF3F21D0FEF700F802467B6872
:10810000D31ABA689A4202D3BB68002B16D1FB6817
:1081100000221A63FB68202283F83D20FB680022BE
:1081200083F83E20FB681B6C43F02002FB681A6456
:10813000FB68002283F83C20012307E0FB681B68F2
:108140005B6903F00403042BCAD1002318461037DF
:10815000BD4680BD80B584B000AFF860B9607A607C
:1081600042E0FB681B685B6903F01003102B19D118
:10817000FB681B686FF010025A61FB6800221A63EB
:10818000FB68202283F83D20FB68002283F83E2014
:10819000FB681A6CFB681A64FB68002283F83C20B9
:1081A000012329E0FDF7AAFF02467B68D31ABA68CB
:1081B0009A4202D3BB68002B16D1FB6800221A63D7
:1081C000FB68202283F83D20FB68002283F83E20D4
:1081D000FB681B6C43F02002FB681A64FB680022FA
:1081E00083F83C20012307E0FB681B685B6903F010
:1081F0004003402BB5D1002318461037BD4680BD43
:1082000080B483B000AF78607B681B685B6903F45F
:108210008063B3F5806F1BD17B681B686FF480624D
:108220005A617B6800221A637B68202283F83D2014
:108230007B68002283F83E207B681B6C43F00402BD
:108240007B681A647B68002283F83C20012300E0ED
:10825000002318460C37BD465DF8047B70470000CC
:1082600080B483B000AF064B01221A60054B1B6837
:108270007B607B6800BF0C37BD465DF8047B7047B0
:1082800020000E420070004080B483B000AF064B67
:1082900000221A60054B1B687B607B6800BF0C37AF
:1082A000BD465DF8047B704720000E420070004020
:1082B00080B586B000AF78607B68002B01D10123C8
:1082C00067E27B681B6803F00103002B75D0884BC5
:1082D0009B6803F00C03042B0CD0854B9B6803F0C8
:1082E0000C03082B12D1824B5B6803F48003B3F5B7
:1082F000800F0BD17E4B1B6803F40033002B5BD047
:108300007B685B68002B57D1012342E27B685B6886
:10831000B3F5803F06D1764B1B68754A43F4803332
:1083200013601DE07B685B68B3F5A02F0CD1704B28
:108330001B686F4A43F4802313606D4B1B686C4AC3
:1083400043F4803313600BE0694B1B68684A23F4E5
:1083500080331360664B1B68654A23F480231360E7
:108360007B685B68002B13D0FDF7C8FE386108E01E
:10837000FDF7C4FE02463B69D31A642B01D90323DF
:1083800007E25B4B1B6803F40033002BF0D014E0D2
:10839000FDF7B4FE386108E0FDF7B0FE02463B6928
:1083A000D31A642B01D90323F3E1514B1B6803F467
:1083B0000033002BF0D100E000BF7B681B6803F0A6
:1083C0000203002B63D04A4B9B6803F00C03002B85
:1083D0000BD0474B9B6803F00C03082B1CD1444B7C
:1083E0005B6803F48003002B16D1414B1B6803F03C
:1083F0000203002B05D07B68DB68012B01D0012331
:10840000C7E13B4B1B6823F0F8027B681B69DB006C
:10841000374913430B603AE07B68DB68002B20D0C0
:10842000344B01221A60FDF769FE386108E0FDF760
:1084300065FE02463B69D31A022B01D90323A8E14A
:108440002B4B1B6803F00203002BF0D0284B1B685A
:1084500023F0F8027B681B69DB00254913430B609E
:1084600015E0244B00221A60FDF748FE386108E051
:10847000FDF744FE02463B69D31A022B01D90323C0
:1084800087E11B4B1B6803F00203002BF0D17B68D4
:108490001B6803F00803002B36D07B685B69002B58
:1084A00016D0154B01221A60FDF728FE386108E04E
:1084B000FDF724FE02463B69D31A022B01D90323A0
:1084C00067E10B4B5B6F03F00203002BF0D01BE066
:1084D000094B00221A60FDF711FE38610EE0FDF72E
:1084E0000DFE02463B69D31A022B07D9032350E144
:1084F0000038024000004742800E4742884B5B6FC5
:1085000003F00203002BEAD17B681B6803F004032D
:10851000002B00F097800023FB75814B1B6C03F050
:108520008053002B0FD10023BB607D4B1B6C7C4A1A
:1085300043F0805313647A4B1B6C03F08053BB6091
:10854000BB680123FB75774B1B6803F48073002B1A
:1085500018D1744B1B68734A43F480731360FDF7A2
:10856000CDFD386108E0FDF7C9FD02463B69D31A2D
:10857000022B01D903230CE16A4B1B6803F48073BF
:10858000002BF0D07B689B68012B06D1644B1B6FDE
:10859000634A43F0010313671CE07B689B68052B6B
:1085A0000CD15F4B1B6F5E4A43F0040313675C4BB7
:1085B0001B6F5B4A43F0010313670BE0584B1B6FC3
:1085C000574A23F001031367554B1B6F544A23F09E
:1085D000040313677B689B68002B15D0FDF78EFDA5
:1085E00038610AE0FDF78AFD02463B69D31A41F281
:1085F0008832934201D90323CBE0494B1B6F03F030
:108600000203002BEED014E0FDF778FD38610AE09C
:10861000FDF774FD02463B69D31A41F2883293425A
:1086200001D90323B5E03E4B1B6F03F00203002B7F
:10863000EED1FB7D012B05D1394B1B6C384A23F061
:10864000805313647B689B69002B00F0A180344B3E
:108650009B6803F00C03082B5CD07B689B69022BA2
:1086600041D1314B00221A60FDF748FD386108E026
:10867000FDF744FD02463B69D31A022B01D90323BF
:1086800087E0274B1B6803F00073002BF0D17B6859
:10869000DA697B681B6A1A437B685B6A9B011A4331
:1086A0007B689B6A5B08013B1B041A437B68DB6A9F
:1086B0001B061B4913434B601B4B01221A60FDF73D
:1086C0001DFD386108E0FDF719FD02463B69D31A2C
:1086D000022B01D903235CE0114B1B6803F00073EC
:1086E000002BF0D054E0104B00221A60FDF706FD7D
:1086F000386108E0FDF702FD02463B69D31A022B00
:1087000001D9032345E0064B1B6803F00073002BDF
:10871000F0D13DE07B689B69012B07D1012338E054
:108720000038024000700040600047421B4B5B680D
:10873000FB607B689B69012B28D0FB6803F48002F7
:108740007B68DB699A4221D1FB6803F03F027B68BA
:108750001B6A9A421AD1FA6847F6C07313407A68C6
:10876000526A9201934211D1FB6803F440327B6854
:108770009B6A5B08013B1B049A4207D1FB6803F02C
:1087800070627B68DB6A1B069A4201D0012300E01D
:10879000002318461837BD4680BD00BF0038024090
:1087A00080B584B000AF786039607B68002B01D160
:1087B0000123CCE0684B1B6803F007033A689A4238
:1087C0000CD9654B3A68D2B21A70634B1B6803F040
:1087D00007033A689A4201D00123B8E07B681B681E
:1087E00003F00203002B20D07B681B6803F0040316
:1087F000002B05D0594B9B68584A43F4E0539360D3
:108800007B681B6803F00803002B05D0534B9B6863
:10881000524A43F460439360504B9B6823F0F0024C
:108820007B689B684D4913438B607B681B6803F032
:108830000103002B44D07B685B68012B07D1474BB9
:108840001B6803F40033002B19D101237FE07B6800
:108850005B68022B03D07B685B68032B07D13F4B1F
:108860001B6803F00073002B09D101236FE03B4B21
:108870001B6803F00203002B01D1012367E0374B93
:108880009B6823F003027B685B68344913438B6069
:10889000FDF734FCF8600AE0FDF730FC0246FB68A7
:1088A000D31A41F28832934201D903234FE02B4B74
:1088B0009B6803F00C027B685B689B009A42EBD1DB
:1088C000254B1B6803F007033A689A420CD2224BEF
:1088D0003A68D2B21A70204B1B6803F007033A685B
:1088E0009A4201D0012332E07B681B6803F0040345
:1088F000002B08D0194B9B6823F4E0527B68DB689F
:10890000164913438B607B681B6803F00803002B38
:1089100009D0124B9B6823F460427B681B69DB0023
:108920000E4913438B6000F021F802460B4B9B6805
:108930001B0903F00F030A49CB5C22FA03F3094A2F
:108940001360094B1B681846FDF794FB002318467B
:108950001037BD4680BD00BF003C024000380240D9
:10896000080A0108980100209C0100202DE9B04F61
:1089700090B000AF00237B630023FB6300233B63C5
:108980000023BB63594B9B6803F00C03082B0DD0ED
:10899000082B00F2A180002B02D0042B03D09BE017
:1089A000534BBB639BE0534BBB6398E04F4B5B68FF
:1089B00003F03F037B634D4B5B6803F48003002BA4
:1089C00028D04A4B5B689B0900223B627A623B6A73
:1089D000C3F308000021474B03FB01F2002300FB17
:1089E00003F31344434AA0FB0212FA620A46BA6236
:1089F000FA6A1344FB627B6B0022BB61FA61D7E920
:108A00000623D7E90A01F8F71FF902460B46134679
:108A1000FB6353E0354B5B689B0900223B617A6145
:108A20003B69C3F3080A4FF0000B52465B464FF018
:108A300000004FF00001590141EAD26150010246A5
:108A40000B46B2EB0A0863EB0B094FF000024FF044
:108A500000034FEA891343EA98634FEA8812B2EBA6
:108A6000080463EB09054FF000024FF00003EB0030
:108A700043EA5473E20014461D4614EB0A033B60BC
:108A800045EB0B037B604FF000024FF00003D7E98A
:108A9000004529468B02214643EA915321468A022A
:108AA000104619467B6B0022BB60FA60D7E90223AF
:108AB000F8F7CAF802460B461346FB630B4B5B689C
:108AC0001B0C03F0030301335B003B63FA6B3B6B4E
:108AD000B2FBF3F3BB6302E0054BBB6300BFBB6BB0
:108AE00018464037BD46BDE8B08F00BF0038024091
:108AF0000024F40040787D0180B400AF034B1B6874
:108B00001846BD465DF8047B704700BF9801002001
:108B100080B500AFFFF7F0FF0246054B9B689B0A4C
:108B200003F007030349CB5C22FA03F3184680BD28
:108B300000380240180A010880B500AFFFF7DCFFDB
:108B40000246054B9B685B0B03F007030349CB5CB4
:108B500022FA03F3184680BD00380240180A0108C3
:108B600080B582B000AF78607B68002B01D1012313
:108B700041E07B6893F83D30DBB2002B06D17B6887
:108B8000002283F83C207868FCF7B2FD7B68022263
:108B900083F83D207B681A687B68043319461046C9
:108BA00000F0FEFE7B68012283F846207B680122EC
:108BB00083F83E207B68012283F83F207B680122F6
:108BC00083F840207B68012283F841207B680122E2
:108BD00083F842207B68012283F843207B680122CE
:108BE00083F844207B68012283F845207B680122BA
:108BF00083F83D20002318460837BD4680BD00009D
:108C000080B485B000AF78607B6893F83D30DBB20C
:108C1000012B01D0012346E07B68022283F83D202E
:108C20007B681B68234A934222D07B681B68B3F1A0
:108C3000804F1DD07B681B681F4A934218D07B6809
:108C40001B681E4A934213D07B681B681C4A9342E0
:108C50000ED07B681B681B4A934209D07B681B6857
:108C6000194A934204D07B681B68184A934211D179
:108C70007B681B689B6803F00703FB60FB68062B9F
:108C800010D07B681B681A687B681B6842F0010281
:108C90001A6007E07B681B681A687B681B6842F0F3
:108CA00001021A60002318461437BD465DF8047BA4
:108CB000704700BF00000140000400400008004071
:108CC000000C00400004014000400140001800403A
:108CD00080B485B000AF78607B6893F83D30DBB23C
:108CE000012B01D001234EE07B68022283F83D2056
:108CF0007B681B68DA687B681B6842F00102DA60F7
:108D00007B681B68234A934222D07B681B68B3F1BF
:108D1000804F1DD07B681B681F4A934218D07B6828
:108D20001B681E4A934213D07B681B681C4A9342FF
:108D30000ED07B681B681B4A934209D07B681B6876
:108D4000194A934204D07B681B68184A934211D198
:108D50007B681B689B6803F00703FB60FB68062BBE
:108D600010D07B681B681A687B681B6842F00102A0
:108D70001A6007E07B681B681A687B681B6842F012
:108D800001021A60002318461437BD465DF8047BC3
:108D9000704700BF00000140000400400008004090
:108DA000000C004000040140004001400018004059
:108DB00080B582B000AF78607B68002B01D10123C1
:108DC00041E07B6893F83D30DBB2002B06D17B6835
:108DD000002283F83C20786800F039F87B68022292
:108DE00083F83D207B681A687B6804331946104677
:108DF00000F0D6FD7B68012283F846207B680122C3
:108E000083F83E207B68012283F83F207B680122A3
:108E100083F840207B68012283F841207B6801228F
:108E200083F842207B68012283F843207B6801227B
:108E300083F844207B68012283F845207B68012267
:108E400083F83D20002318460837BD4680BD80B416
:108E500083B000AF786000BF0C37BD465DF8047B7F
:108E60007047000080B584B000AF786039603B681F
:108E7000002B09D17B6893F83E30DBB2012B14BF85
:108E800001230023DBB222E03B68042B09D17B687D
:108E900093F83F30DBB2012B14BF01230023DBB278
:108EA00015E03B68082B09D17B6893F84030DBB2B2
:108EB000012B14BF01230023DBB208E07B6893F889
:108EC0004130DBB2012B14BF01230023DBB2002BA6
:108ED00001D001237CE03B68002B04D17B68022297
:108EE00083F83E2013E03B68042B04D17B68022208
:108EF00083F83F200BE03B68082B04D17B680222FB
:108F000083F8402003E07B68022283F841207B68DD
:108F10001B6801223968184601F02CF87B681B6831
:108F20002D4A934204D07B681B682C4A934201D19E
:108F3000012300E00023002B07D07B681B685A6CDC
:108F40007B681B6842F400425A647B681B68224AB3
:108F5000934222D07B681B68B3F1804F1DD07B68A1
:108F60001B681F4A934218D07B681B681D4A9342B6
:108F700013D07B681B681C4A93420ED07B681B6829
:108F8000164A934209D07B681B68184A934204D062
:108F90007B681B68164A934211D17B681B689B68EB
:108FA00003F00703FB60FB68062B10D07B681B688F
:108FB0001A687B681B6842F001021A6007E07B6850
:108FC0001B681A687B681B6842F001021A60002364
:108FD00018461037BD4680BD000001400004014026
:108FE0000004004000080040000C00400040014028
:108FF0000018004080B586B000AF786039607B68AB
:10900000002B01D1012397E07B6893F83D30DBB260
:10901000002B06D17B68002283F83C207868FCF79F
:109020003BFC7B68022283F83D207B681B689B68C1
:109030007A68126823F4804323F0070393607B6807
:109040001A687B6804331946104600F0A9FC7B6857
:109050001B689B687B617B681B689B693B617B68C5
:109060001B681B6AFB603B681B687A6913437B6162
:109070003B6923F4407323F003033B613B689A6828
:109080003B689B691B0213433A6913433B613B698D
:1090900023F4406323F00C033B613B6923F47043EA
:1090A00023F0F0033B613B68DA683B68DB691B0235
:1090B00013433A6913433B613B681B691A013B68E0
:1090C0001B6A1B0313433A6913433B61FB6823F09C
:1090D0002203FB60FB6823F08803FB603B685A684F
:1090E0003B685B691B011343FA681343FB607B68B1
:1090F0001B687A699A607B681B683A699A617B6829
:109100001B68FA681A627B68012283F846207B6834
:10911000012283F83E207B68012283F83F207B6890
:10912000012283F842207B68012283F843207B6878
:10913000012283F83D20002318461837BD4680BD24
:1091400080B584B000AF786039607B6893F83E30BA
:10915000FB737B6893F83F30BB737B6893F84230B6
:109160007B737B6893F843303B733B68002B10D1D3
:10917000FB7B012B02D17B7B012B01D0012369E01A
:109180007B68022283F83E207B68022283F842201B
:1091900031E03B68042B10D1BB7B012B02D13B7B20
:1091A000012B01D0012355E07B68022283F83F2088
:1091B0007B68022283F843201DE0FB7B012B08D152
:1091C000BB7B012B05D17B7B012B02D13B7B012B90
:1091D00001D001233EE07B68022283F83E207B68B9
:1091E000022283F83F207B68022283F842207B68BA
:1091F000022283F843203B68002B03D03B68042BFA
:1092000008D00FE07B681B6801220021184600F09F
:10921000B1FE16E07B681B6801220421184600F0AD
:10922000A9FE0EE07B681B6801220021184600F0B1
:10923000A1FE7B681B6801220421184600F09AFEFB
:1092400000BF7B681B681A687B681B6842F00102DC
:109250001A60002318461037BD4680BD80B584B023
:1092600000AF786039607B6893F83E30FB737B68B1
:1092700093F83F30BB737B6893F842307B737B6815
:1092800093F843303B733B68002B10D1FB7B012BE1
:1092900002D17B7B012B01D0012389E07B68022274
:1092A00083F83E207B68022283F8422031E03B684D
:1092B000042B10D1BB7B012B02D13B7B012B01D0B6
:1092C000012375E07B68022283F83F207B6802223D
:1092D00083F843201DE0FB7B012B08D1BB7B012BD6
:1092E00005D17B7B012B02D13B7B012B01D00123DC
:1092F0005EE07B68022283F83E207B68022283F8CE
:109300003F207B68022283F842207B68022283F898
:1093100043203B68002B03D03B68042B10D01FE098
:109320007B681B6801220021184600F023FE7B6841
:109330001B68DA687B681B6842F00202DA602EE084
:109340007B681B6801220421184600F013FE7B682D
:109350001B68DA687B681B6842F00402DA601EE072
:109360007B681B6801220021184600F003FE7B6821
:109370001B6801220421184600F0FCFD7B681B6875
:10938000DA687B681B6842F00202DA607B681B685F
:10939000DA687B681B6842F00402DA6000BF7B6811
:1093A0001B681A687B681B6842F001021A60002380
:1093B00018461037BD4680BD80B582B000AF7860DA
:1093C0007B681B681B6903F00203022B22D17B68B8
:1093D0001B68DB6803F00203022B1BD17B681B6850
:1093E0006FF002021A617B6801221A777B681B68A2
:1093F0009B6903F00303002B03D07868F8F7FEFFA6
:1094000005E0786800F0AEFA786800F0B5FA7B689D
:1094100000221A777B681B681B6903F00403042B86
:1094200022D17B681B68DB6803F00403042B1BD18B
:109430007B681B686FF004021A617B6802221A774E
:109440007B681B689B6903F44073002B03D078682A
:10945000F8F7D4FF05E0786800F084FA786800F047
:109460008BFA7B6800221A777B681B681B6903F004
:109470000803082B22D17B681B68DB6803F0080314
:10948000082B1BD17B681B686FF008021A617B6890
:1094900004221A777B681B68DB6903F00303002B47
:1094A00003D07868F8F7AAFF05E0786800F05AFA68
:1094B000786800F061FA7B6800221A777B681B6885
:1094C0001B6903F01003102B22D17B681B68DB683B
:1094D00003F01003102B1BD17B681B686FF0100288
:1094E0001A617B6808221A777B681B68DB6903F4C2
:1094F0004073002B03D07868F8F780FF05E07868A8
:1095000000F030FA786800F037FA7B6800221A77AA
:109510007B681B681B6903F00103012B0ED17B687C
:109520001B68DB6803F00103012B07D17B681B6814
:109530006FF001021A617868F8F744FF7B681B68D6
:109540001B6903F08003802B0ED17B681B68DB68EE
:1095500003F08003802B07D17B681B686FF08002CB
:109560001A61786800F0B2FD7B681B681B6903F024
:109570004003402B0ED17B681B68DB6803F040037F
:10958000402B07D17B681B686FF040021A61786836
:1095900000F0FCF97B681B681B6903F02003202B9B
:1095A0000ED17B681B68DB6803F02003202B07D1FA
:1095B0007B681B686FF020021A61786800F07CFD00
:1095C00000BF0837BD4680BD80B586B000AFF860EB
:1095D000B9607A600023FB75FB6893F83C30012B7F
:1095E00001D10223AEE0FB68012283F83C207B68B6
:1095F0000C2B00F29F8001A252F823F03196000854
:1096000035970008359700083597000871960008CF
:10961000359700083597000835970008B39600087D
:10962000359700083597000835970008F39600082D
:10963000FB681B68B968184600F052FAFB681B68A3
:109640009A69FB681B6842F008029A61FB681B6814
:109650009A69FB681B6822F004029A61FB681B6828
:109660009969BB681A69FB681B680A439A6164E0E0
:10967000FB681B68B968184600F0A2FAFB681B6813
:109680009A69FB681B6842F400629A61FB681B6878
:109690009A69FB681B6822F480629A61FB681B6808
:1096A0009969BB681B691A02FB681B680A439A61C7
:1096B00043E0FB681B68B968184600F0F7FAFB68DE
:1096C0001B68DA69FB681B6842F00802DA61FB6814
:1096D0001B68DA69FB681B6822F00402DA61FB6828
:1096E0001B68D969BB681A69FB681B680A43DA61A1
:1096F00023E0FB681B68B968184600F04BFBFB6869
:109700001B68DA69FB681B6842F40062DA61FB6877
:109710001B68DA69FB681B6822F48062DA61FB6807
:109720001B68D969BB681B691A02FB681B680A437E
:10973000DA6102E00123FB7500BFFB68002283F8B9
:109740003C20FB7D18461837BD4680BD80B584B0EF
:1097500000AF786039600023FB737B6893F83C307E
:10976000012B01D10223B4E07B68012283F83C2065
:109770007B68022283F83D207B681B689B68BB6086
:10978000BB6823F07703BB60BB6823F47F43BB60F7
:109790007B681B68BA689A603B681B68B3F5005F1A
:1097A0003ED0B3F5005F00F28780B3F5805F00F034
:1097B0008680B3F5805F7FD8702B1AD0702B7BD852
:1097C000602B50D0602B77D8502B3CD0502B73D8C7
:1097D000402B58D0402B6FD8302B64D0302B6BD817
:1097E000202B60D0202B67D8002B5CD0102B5AD0B8
:1097F00062E07B6818683B6899683B685A683B6818
:10980000DB6800F097FB7B681B689B68BB60BB68EC
:1098100043F07703BB607B681B68BA689A604FE0CF
:109820007B6818683B6899683B685A683B68DB68E6
:1098300000F080FB7B681B689A687B681B6842F4B9
:1098400080429A603CE07B6818683B6859683B68D6
:10985000DB681A4600F0F4FA7B681B685021184652
:1098600000F04DFB2CE07B6818683B6859683B684A
:10987000DB681A4600F013FB7B681B686021184602
:1098800000F03DFB1CE07B6818683B6859683B684A
:10989000DB681A4600F0D4FA7B681B684021184642
:1098A00000F02DFB0CE07B681A683B681B681946CA
:1098B000104600F024FB03E00123FB7300E000BF2F
:1098C0007B68012283F83D207B68002283F83C20DE
:1098D000FB7B18461037BD4680BD000080B485B0C4
:1098E00000AF786039600023FB603B680C2B31D8F7
:1098F00001A252F823F000BF2D99000855990008E5
:10990000559900085599000837990008559900089D
:109910005599000855990008419900085599000883
:1099200055990008559900084B9900087B681B68F9
:109930005B6BFB600FE07B681B689B6BFB600AE066
:109940007B681B68DB6BFB6005E07B681B681B6C3E
:10995000FB6000E000BFFB6818461437BD465DF8A9
:10996000047B704780B483B000AF786000BF0C37D1
:10997000BD465DF8047B704780B483B000AF78606B
:1099800000BF0C37BD465DF8047B704780B483B0E0
:1099900000AF786000BF0C37BD465DF8047B7047B0
:1099A00080B485B000AF786039607B681B68FB606D
:1099B0007B68404A934213D07B68B3F1804F0FD04D
:1099C0007B683D4A93420BD07B683C4A934207D068
:1099D0007B683B4A934203D07B683A4A934208D162
:1099E000FB6823F07003FB603B685B68FA68134315
:1099F000FB607B682F4A93422BD07B68B3F1804F8A
:109A000027D07B682C4A934223D07B682B4A934211
:109A10001FD07B682A4A93421BD07B68294A934215
:109A200017D07B68284A934213D07B68274A934219
:109A30000FD07B68264A93420BD07B68254A93421D
:109A400007D07B68244A934203D07B68234A934221
:109A500008D1FB6823F44073FB603B68DB68FA685D
:109A60001343FB60FB6823F080023B685B69134390
:109A7000FB607B68FA681A603B689A687B68DA6208
:109A80003B681A687B689A627B680A4A934203D0F3
:109A90007B680C4A934203D13B681A697B681A635E
:109AA0007B6801225A6100BF1437BD465DF8047B14
:109AB000704700BF00000140000400400008004063
:109AC000000C0040000401400040014000440140FF
:109AD0000048014000180040001C004000200040E9
:109AE00080B487B000AF786039607B681B6A23F070
:109AF00001027B681A627B681B6A7B617B685B681A
:109B00003B617B689B69FB60FB6823F07003FB6033
:109B1000FB6823F00303FB603B681B68FA68134390
:109B2000FB607B6923F002037B613B689B687A6979
:109B300013437B617B68204A934203D07B681F4AB2
:109B400093420CD17B6923F008037B613B68DB689F
:109B50007A6913437B617B6923F004037B617B6833
:109B6000154A934203D07B68144A934211D13B6952
:109B700023F480733B613B6923F400733B613B68D2
:109B80005B693A6913433B613B689B693A691343DC
:109B90003B617B683A695A607B68FA689A613B6806
:109BA0005A687B685A637B687A691A6200BF1C37FF
:109BB000BD465DF8047B7047000001400004014091
:109BC00080B487B000AF786039607B681B6A23F08F
:109BD00010027B681A627B681B6A7B617B685B682A
:109BE0003B617B689B69FB60FB6823F4E043FB609F
:109BF000FB6823F44073FB603B681B681B02FA6838
:109C00001343FB607B6923F020037B613B689B6807
:109C10001B017A6913437B617B68224A934203D01C
:109C20007B68214A93420DD17B6923F080037B61DD
:109C30003B68DB681B017A6913437B617B6923F016
:109C400040037B617B68174A934203D07B68164AC6
:109C5000934213D13B6923F480633B613B6923F456
:109C600000633B613B685B699B003A6913433B615E
:109C70003B689B699B003A6913433B617B683A6987
:109C80005A607B68FA689A613B685A687B689A6395
:109C90007B687A691A6200BF1C37BD465DF8047B99
:109CA000704700BF000001400004014080B487B04D
:109CB00000AF786039607B681B6A23F480727B6830
:109CC0001A627B681B6A7B617B685B683B617B68AF
:109CD000DB69FB60FB6823F07003FB60FB6823F02B
:109CE0000303FB603B681B68FA681343FB607B69F6
:109CF00023F400737B613B689B681B027A69134302
:109D00007B617B68214A934203D07B68204A93425F
:109D10000DD17B6923F400637B613B68DB681B0228
:109D20007A6913437B617B6923F480637B617B6881
:109D3000164A934203D07B68154A934213D13B697C
:109D400023F480533B613B6923F400533B613B6840
:109D50005B691B013A6913433B613B689B691B01CB
:109D60003A6913433B617B683A695A607B68FA68D9
:109D7000DA613B685A687B68DA637B687A691A62E1
:109D800000BF1C37BD465DF8047B704700000140F2
:109D90000004014080B487B000AF786039607B6810
:109DA0001B6A23F480527B681A627B681B6A3B61E2
:109DB0007B685B687B617B68DB69FB60FB6823F425
:109DC000E043FB60FB6823F44073FB603B681B6867
:109DD0001B02FA681343FB603B6923F400533B61A9
:109DE0003B689B681B033A6913433B617B68124ADB
:109DF000934203D07B68114A934209D17B6923F4D3
:109E000080437B613B685B699B017A6913437B619B
:109E10007B687A695A607B68FA68DA613B685A68DD
:109E20007B681A647B683A691A6200BF1C37BD46BA
:109E30005DF8047B704700BF000001400004014052
:109E400080B487B000AFF860B9607A60FB681B6AC5
:109E50007B61FB681B6A23F00102FB681A62FB68E6
:109E60009B693B613B6923F0F0033B617B681B010D
:109E70003A6913433B617B6923F00A037B617A698A
:109E8000BB6813437B61FB683A699A61FB687A6936
:109E90001A6200BF1C37BD465DF8047B704780B472
:109EA00087B000AFF860B9607A60FB681B6A23F086
:109EB0001002FB681A62FB689B697B61FB681B6A86
:109EC0003B617B6923F470437B617B681B037A6988
:109ED00013437B613B6923F0A0033B61BB681B011B
:109EE0003A6913433B61FB687A699A61FB683A6996
:109EF0001A6200BF1C37BD465DF8047B704780B412
:109F000085B000AF786039607B689B68FB60FB6858
:109F100023F07003FB603A68FB68134343F00703C8
:109F2000FB607B68FA689A6000BF1437BD465DF835
:109F3000047B704780B487B000AFF860B9607A6086
:109F40003B60FB689B687B617B6923F47F437B619B
:109F50003B681A027B681A43BB6813437A69134350
:109F60007B61FB687A699A6000BF1C37BD465DF86B
:109F7000047B704780B487B000AFF860B9607A6046
:109F8000BB6803F01F03012202FA03F37B61FB6845
:109F90001A6A7B69DB431A40FB681A62FB681A6A1B
:109FA000BB6803F01F03796801FA03F31A43FB68E7
:109FB0001A6200BF1C37BD465DF8047B7047000085
:109FC00080B485B000AF786039607B6893F83C302E
:109FD000012B01D102235AE07B68012283F83C2047
:109FE0007B68022283F83D207B681B685B68FB600E
:109FF0007B681B689B68BB60FB6823F07003FB6099
:10A000003B681B68FA681343FB607B681B68FA684F
:10A010005A607B681B68214A934222D07B681B6888
:10A02000B3F1804F1DD07B681B681D4A934218D046
:10A030007B681B681B4A934213D07B681B681A4AD3
:10A0400093420ED07B681B68184A934209D07B6804
:10A050001B68174A934204D07B681B68154A9342D9
:10A060000CD1BB6823F08003BB603B685B68BA68B7
:10A070001343BB607B681B68BA689A607B680122E7
:10A0800083F83D207B68002283F83C20002318469B
:10A090001437BD465DF8047B704700BF00000140E7
:10A0A0000004004000080040000C00400004014093
:10A0B000004001400018004080B483B000AF7860D9
:10A0C00000BF0C37BD465DF8047B704780B483B099
:10A0D00000AF786000BF0C37BD465DF8047B704769
:10A0E00080B582B000AF78607B68002B01D101237E
:10A0F0003FE07B6893F83D30DBB2002B06D17B68F4
:10A10000002283F83C207868FBF710FD7B6824224E
:10A1100083F83D207B681B68DA687B681B6822F443
:10A120000052DA60786800F0DFFD7B681B681A690E
:10A130007B681B6822F490421A617B681B685A692D
:10A140007B681B6822F02A025A617B681B68DA6808
:10A150007B681B6842F40052DA607B6800221A6454
:10A160007B68202283F83D207B68202283F83E20F4
:10A17000002318460837BD4680BD80B58AB002AFBF
:10A18000F860B9603B601346FB8000237B61FB688D
:10A1900093F83D30DBB2202B7CD1BB68002B02D082
:10A1A000FB88002B01D1012375E0FB6893F83C305C
:10A1B000012B01D102236EE0FB68012283F83C20D1
:10A1C000FB6800221A64FB68212283F83D20FBF71C
:10A1D00095FF7861FB68FA889A84FB68FA88DA84CC
:10A1E000FB689B68B3F5805F08D1FB681B69002B97
:10A1F00004D10023FB61BB68BB6103E0BB68FB616A
:10A200000023BB61FB68002283F83C202AE03B6806
:10A2100000937B6900228021F86800F01FFB034651
:10A22000002B01D0032336E0FB69002B0BD1BB6967
:10A230001B881A46FB681B68C2F308025A60BB6998
:10A240000233BB6107E0FB691A78FB681B685A6040
:10A25000FB690133FB61FB68DB8C9BB2013B9AB26B
:10A26000FB68DA84FB68DB8C9BB2002BCFD13B68A8
:10A2700000937B6900224021F86800F0EFFA034662
:10A28000002B01D0032306E0FB68202283F83D2049
:10A29000002300E0022318462037BD4680BD80B56C
:10A2A00084B000AFF860B9601346FB80FB6893F898
:10A2B0003E30DBB2202B1DD1BB68002B02D0FB88C7
:10A2C000002B01D1012316E0FB6893F83C30012BF1
:10A2D00001D102230FE0FB68012283F83C20FB68D8
:10A2E00000221A63FB881A46B968F86800F024FB5C
:10A2F000034600E0022318461037BD4680BD00002B
:10A3000080B5BAB000AF78607B681B681B68C7F87F
:10A31000E4307B681B68DB68C7F8E0307B681B684B
:10A320005B69C7F8DC300023C7F8D8300023C7F8D2
:10A33000D430D7F8E43003F00F03C7F8D830D7F89B
:10A34000D830002B0FD1D7F8E43003F02003002BD6
:10A3500009D0D7F8E03003F02003002B03D0786851
:10A3600000F007FC56E2D7F8D830002B00F0DE8072
:10A37000D7F8DC3003F00103002B06D1D7F8E0302A
:10A3800003F49073002B00F0D180D7F8E43003F091
:10A390000103002B0BD0D7F8E03003F48073002BBF
:10A3A00005D07B681B6C43F001027B681A64D7F808
:10A3B000E43003F00403002B0BD0D7F8DC3003F0BB
:10A3C0000103002B05D07B681B6C43F002027B6805
:10A3D0001A64D7F8E43003F00203002B0BD0D7F84F
:10A3E000DC3003F00103002B05D07B681B6C43F0CD
:10A3F00004027B681A64D7F8E43003F00803002BEA
:10A4000011D0D7F8E03003F02003002B05D1D7F8A6
:10A41000DC3003F00103002B05D07B681B6C43F09C
:10A4200008027B681A647B681B6C002B00F0ED81CE
:10A43000D7F8E43003F02003002B08D0D7F8E03041
:10A4400003F02003002B02D0786800F092FB7B68B9
:10A450001B685B6903F04003402B0CBF0123002302
:10A46000DBB2C7F8D4307B681B6C03F00803002B09
:10A4700003D1D7F8D430002B4FD0786800F09AFA87
:10A480007B681B685B6903F04003402B41D17B680C
:10A490001B681433C7F89C30D7F89C3053E8003F52
:10A4A000C7F89830D7F8983023F04003C7F8D03079
:10A4B0007B681B681433D7F8D020C7F8A820C7F8EA
:10A4C000A430D7F8A410D7F8A82041E80023C7F893
:10A4D000A030D7F8A030002BD9D17B689B6B002B24
:10A4E00013D07B689B6B7D4A1A657B689B6B184613
:10A4F000FCF7EDFC0346002B16D07B689B6B1B6DB5
:10A500007A68926B104698470EE0786800F090F9F0
:10A510000AE0786800F08CF906E0786800F088F9C5
:10A520007B6800221A6470E100BF6EE17B681B6BE0
:10A53000012B40F04A81D7F8E43003F01003002BE0
:10A5400000F04381D7F8E03003F01003002B00F057
:10A550003C810023BB607B681B681B68BB607B6819
:10A560001B685B68BB60BB687B681B685B6903F04A
:10A570004003402B40F0B4807B689B6B1B685B689A
:10A58000A7F8BE30B7F8BE30002B00F040817B68E2
:10A590009B8DB7F8BE209A4280F039817B68B7F86E
:10A5A000BE20DA857B689B6BDB69B3F5807F00F0AA
:10A5B00088807B681B680C33C7F88830D7F88830F0
:10A5C00053E8003FC7F88430D7F8843023F4807311
:10A5D000C7F8B8307B681B680C33D7F8B820C7F8C9
:10A5E0009420C7F89030D7F89010D7F8942041E81D
:10A5F0000023C7F88C30D7F88C30002BD9D17B687A
:10A600001B6814337B677B6F53E8003F3B673B6FEE
:10A6100023F00103C7F8B4307B681B681433D7F804
:10A62000B420C7F88020FB67F96FD7F8802041E895
:10A630000023BB67BB6F002BE1D17B681B68143321
:10A640003B663B6E53E8003FFB65FB6D23F0400328
:10A65000C7F8B0307B681B681433D7F8B020FA66AF
:10A66000BB66B96EFA6E41E800237B667B6E002BF9
:10A67000E3D17B68202283F83E207B6800221A63A6
:10A680007B681B680C33FB64FB6C53E8003FBB64C6
:10A69000BB6C23F01003C7F8AC307B681B680C332D
:10A6A000D7F8AC20BA657B65796DBA6D41E80023B7
:10A6B0003B653B6D002BE3D17B689B6B1846FCF739
:10A6C00096FB7B689A8D7B68DB8D9BB2D31A9BB21D
:10A6D0001946786800F0B6F899E000BF7BAA000838
:10A6E0007B689A8D7B68DB8D9BB2D31AA7F8CE303E
:10A6F0007B68DB8D9BB2002B00F08B80B7F8CE30EF
:10A70000002B00F086807B681B680C33BB63BB6B3F
:10A7100053E8003F7B637B6B23F49073C7F8C8302A
:10A720007B681B680C33D7F8C8207A643B64396CAB
:10A730007A6C41E80023FB63FB6B002BE3D17B6861
:10A740001B6814337B627B6A53E8003F3B623B6AC1
:10A7500023F00103C7F8C4307B681B681433D7F8B3
:10A76000C4203A63FB62F96A3A6B41E80023BB629A
:10A77000BB6A002BE3D17B68202283F83E207B68F4
:10A7800000221A637B681B680C333B613B6953E80A
:10A79000003FFB60FB6823F01003C7F8C0307B6804
:10A7A0001B680C33D7F8C020FA61BB61B969FA693C
:10A7B00041E800237B617B69002BE3D1B7F8CE3001
:10A7C0001946786800F03EF823E0D7F8E43003F04B
:10A7D0008003002B09D0D7F8E03003F08003002B72
:10A7E00003D0786800F05DF914E0D7F8E43003F0A6
:10A7F0004003002B0ED0D7F8E03003F04003002BCD
:10A8000008D0786800F09DF904E000BF02E000BFC6
:10A8100000E000BFE837BD4680BD00BF80B483B014
:10A8200000AF786000BF0C37BD465DF8047B704711
:10A8300080B483B000AF786000BF0C37BD465DF8D0
:10A84000047B704780B483B000AF78600B467B8098
:10A8500000BF0C37BD465DF8047B704780B590B0F3
:10A8600000AFF860B9603B601346FB7150E0BB6C11
:10A87000B3F1FF3F4CD0BB6C002B07D0FBF73EFC85
:10A8800002463B68D31ABA6C9A4241D2FB681B68F5
:10A890000C33BB62BB6A53E8003F7B627B6A23F4E4
:10A8A000D073FB63FB681B680C33FA6B7A633B6302
:10A8B000396B7A6B41E80023FB62FB6A002BE5D120
:10A8C000FB681B6814337B617B6953E8003F3B6185
:10A8D0003B6923F00103BB63FB681B681433BA6B4D
:10A8E0003A62FB61F9693A6A41E80023BB61BB69DE
:10A8F000002BE5D1FB68202283F83D20FB68202255
:10A9000083F83E20FB68002283F83C2003230FE0FD
:10A91000FB681B681A68BB681340BA689A420CBF90
:10A9200001230023DBB21A46FB799A429FD0002311
:10A9300018464037BD4680BD80B485B000AFF86092
:10A94000B9601346FB80FB68BA689A62FB68FA88B4
:10A950009A85FB68FA88DA85FB6800221A64FB682E
:10A96000222283F83E20FB68002283F83C20FB680B
:10A970001B69002B07D0FB681B68DA68FB681B6843
:10A9800042F48072DA60FB681B685A69FB681B68D6
:10A9900042F001025A61FB681B68DA68FB681B68B9
:10A9A00042F02002DA60002318461437BD465DF8F5
:10A9B000047B704780B495B000AF78607B681B68FB
:10A9C0000C337B637B6B53E8003F3B633B6B23F4AF
:10A9D0009073FB647B681B680C33FA6C3A64FB630E
:10A9E000F96B3A6C41E80023BB63BB6B002BE5D1EC
:10A9F0007B681B6814333B623B6A53E8003FFB6192
:10AA0000FB6923F00103BB647B681B681433BA6CD9
:10AA1000FA62BB62B96AFA6A41E800237B627B6A28
:10AA2000002BE5D17B681B6B012B19D17B681B6860
:10AA30000C33FB60FB6853E8003FBB60BB6823F04E
:10AA400010037B647B681B680C337A6CBA617B6192
:10AA50007969BA6941E800233B613B69002BE5D184
:10AA60007B68202283F83E207B6800221A6300BFA7
:10AA70005437BD465DF8047B704780B584B000AFA5
:10AA800078607B689B6BFB60FB680022DA85FB6863
:10AA90000022DA84F868FFF7CBFE00BF1037BD460E
:10AAA00080BD80B485B000AF78607B6893F83D309E
:10AAB000DBB2212B3ED17B689B68B3F5805F14D15C
:10AAC0007B681B69002B10D17B681B6AFB60FB68ED
:10AAD0001B881A467B681B68C2F308025A607B68B1
:10AAE0001B6A9A1C7B681A6208E07B681B6A591C07
:10AAF0007A6811621A787B681B685A607B68DB8C05
:10AB00009BB2013B9BB27A681946D184002B0FD1CE
:10AB10007B681B68DA687B681B6822F08002DA6059
:10AB20007B681B68DA687B681B6842F04002DA6069
:10AB3000002300E0022318461437BD465DF8047B6D
:10AB4000704780B582B000AF78607B681B68DA68B8
:10AB50007B681B6822F04002DA607B68202283F861
:10AB60003D207868FFF75AFE002318460837BD4697
:10AB700080BD80B58CB000AF78607B6893F83E30C4
:10AB8000DBB2222B40F0AB807B689B68B3F5805F23
:10AB900017D17B681B69002B13D10023FB627B68F4
:10ABA0009B6ABB627B681B685B689BB2C3F308034C
:10ABB0009AB2BB6A1A807B689B6A9A1C7B689A620D
:10ABC00026E07B689B6AFB620023BB627B689B6814
:10ABD000B3F5805F07D07B689B68002B0AD17B6848
:10ABE0001B69002B06D17B681B685B68DAB2FB6AC5
:10ABF0001A7008E07B681B685B68DBB203F07F03B8
:10AC0000DAB2FB6A1A707B689B6A5A1C7B689A628C
:10AC10007B68DB8D9BB2013B9BB27A681946D1857C
:10AC2000002B5AD17B681B68DA687B681B6822F0AE
:10AC30002002DA607B681B68DA687B681B6822F494
:10AC40008072DA607B681B685A697B681B6822F037
:10AC500001025A617B68202283F83E207B681B6BCF
:10AC6000012B35D17B6800221A637B681B680C338B
:10AC70007B617B6953E8003F3B613B6923F0100334
:10AC80007B627B681B680C337A6A3A62FB61F96904
:10AC90003A6A41E80023BB61BB69002BE5D17B68C0
:10ACA0001B681B6803F01003102B0AD10023FB6004
:10ACB0007B681B681B68FB607B681B685B68FB60CC
:10ACC000FB687B689B8D19467868FFF7BBFD02E047
:10ACD0007868F7F737FB002302E0002300E0022347
:10ACE00018463037BD4680BD2DE9B04FC0B000AF2B
:10ACF000C7F8F400D7F8F4301B681B6923F4405000
:10AD0000D7F8F430D968D7F8F4301A6840EA01036C
:10AD10001361D7F8F4309A68D7F8F4301B691A43F6
:10AD2000D7F8F4305B691A43D7F8F430DB69134382
:10AD3000C7F8F830D7F8F4301B68DB6823F4164105
:10AD400021F00C01D7F8F4301A68D7F8F8300B432B
:10AD5000D360D7F8F4301B685B6923F44070D7F8F0
:10AD6000F4309969D7F8F4301A6840EA0103536166
:10AD7000D7F8F4301A688F4B9A4205D0D7F8F430E0
:10AD80001A688D4B9A4204D1FDF7D6FEC7F8FC0035
:10AD900003E0FDF7BDFEC7F8FC00D7F8F430DB692F
:10ADA000B3F5004F40F00C81D7F8FC300022C7F813
:10ADB000E830C7F8EC20D7E93A4522462B469118EF
:10ADC000B9655B41FB65D7E91623214612EB010803
:10ADD000294643EB01094FF000024FF000034FEA10
:10ADE000C90343EA58734FEAC8029046994623467E
:10ADF00018EB0303C7F8E0302B4649EB0303C7F811
:10AE0000E430D7F8F4305B680022C7F8D830C7F8D0
:10AE1000DC20D7E936120B46DB183B65134642EBC4
:10AE200003037B65D7E91423D7E93801F5F70CFF55
:10AE300002460B46614BA3FB02235B091C01D7F8BA
:10AE4000FC300022C7F8D030C7F8D420D7E93489C5
:10AE500042464B469118B9645B41FB64D7E9122323
:10AE6000414612EB010A494643EB010B4FF0000249
:10AE70004FF000034FEACB0343EA5A734FEACA028A
:10AE800092469B4643461AEB0303C7F8C8304B462D
:10AE90004BEB0303C7F8CC30D7F8F4305B680022E3
:10AEA000C7F8C030C7F8C420D7E930120B46DB180A
:10AEB0003B64134642EB03037B64D7E91023D7E9D5
:10AEC0003201F5F7C1FE02460B4611463B4BA3FB90
:10AED00001235B09642202FB03F3CB1ADB0003F1BD
:10AEE0003202364BA3FB02235B095B0003F4F873C9
:10AEF0001C44D7F8FC300022C7F8B830C7F8BC2093
:10AF0000D7E92E8942464B469118B9635B41FB63F2
:10AF1000D7E90E2341465118396349464B417B63BB
:10AF20004FF000024FF00003D7E90CAB5946CB00BD
:10AF3000514643EA51735146CA001046194603462A
:10AF400042469B18C7F8B0304B460A4642EB030313
:10AF5000C7F8B430D7F8F4305B680022C7F8A830DF
:10AF6000C7F8AC20D7E92A120B46DB18BB621346A0
:10AF700042EB0303FB62D7E90A23D7E92C01F5F77B
:10AF800063FE02460B460D4BA3FB02135B096421D3
:10AF900001FB03F3D31ADB003233084AA2FB03237D
:10AFA0005B0903F00702D7F8F4301B6822449A606B
:10AFB00006E100BF00100140001401401F85EB5165
:10AFC000D7F8FC300022C7F8A030C7F8A420D7E992
:10AFD000288942464B46911839625B417B62D7E92A
:10AFE000082341465418494643EB01054FF000023F
:10AFF0004FF00003EB0043EA5473E20014461D4691
:10B000004346E318C7F898304B4645EB0303C7F8AF
:10B010009C30D7F8F4305B680022C7F89030C7F84E
:10B0200094204FF000024FF00003D7E92445294651
:10B030008B00214643EA917321468A00D7E9260115
:10B04000F5F702FE02460B46604BA3FB02235B09A9
:10B050001C01D7F8FC300022C7F88830C7F88C20D4
:10B06000D7E9228942464B469118B9615B41FB61A1
:10B07000D7E9062341465118396149464B417B6166
:10B080004FF000024FF00003D7E904AB5946CB0064
:10B09000514643EA51735146CA00104619460346C9
:10B0A00042469B18C7F880304B460A4642EB0303E2
:10B0B000C7F88430D7F8F4305B680022BB67FA67C2
:10B0C0004FF000024FF00003D7E91E8949468B007C
:10B0D000414643EA917341468A00D7E92001F5F7DA
:10B0E000B3FD02460B461146384BA3FB01235B0917
:10B0F000642202FB03F3CB1A1B013233334AA2FB57
:10B1000003235B0903F0F0031C44D7F8FC30002252
:10B110003B677A67D7E91C8942464B469118B9606C
:10B120005B41FB60D7E9022341465118396049462B
:10B130004B417B604FF000024FF00003D7E900ABBA
:10B140005946CB00514643EA51735146CA00104656
:10B150001946034642469B18BB664B460A4642EBDD
:10B160000303FB66D7F8F4305B6800223B667A661F
:10B170004FF000024FF00003D7E9188949468B00D1
:10B18000414643EA917341468A00D7E91A01F5F72F
:10B190005BFD02460B460D4BA3FB02135B096421CA
:10B1A00001FB03F3D31A1B013233084AA2FB03232A
:10B1B0005B0903F00F02D7F8F4301B6822449A6051
:10B1C00000BF07F58077BD46BDE8B08F1F85EB5106
:10B1D00080B582B000AF0023FB7126E0FB79503BC5
:10B1E000DBB20021184600F02BF80021002000F00F
:10B1F00027F80021102000F023F80023BB710DE098
:10B20000BA79FB790D49D2000A4413441B78012115
:10B21000184600F015F8BB790133BB7197F9063079
:10B22000002BEDDAFB790133FB71FB79072BD5D9C4
:10B2300000BF00BF0837BD4680BD00BFC00C002066
:10B2400080B584B000AF03460A46FB711346BB715C
:10B25000BB79002B06D001224FF400611E48FCF799
:10B260000DF805E000224FF400611B48FCF706F8DA
:10B270000023FB7322E000224FF480411648FBF7C5
:10B28000FDFF97F90730002B06DA01224FF4005139
:10B290001148FBF7F3FF05E000224FF400510E4880
:10B2A000FBF7ECFF01224FF480410B48FBF7E6FF70
:10B2B000FB795B00FB71FB7B0133FB73FB7B072B93
:10B2C000D9D901224FF400610348FBF7D7FF00BF33
:10B2D0001037BD4680BD00BF000C024080B582B073
:10B2E00000AF0023FB7114E00023BB710AE0BA79C0
:10B2F000FB790C49D2000A44134400221A70BB792E
:10B300000133BB7197F90630002BF0DAFB7901337A
:10B31000FB71FB79072BE7D9FFF75AFF00BF08370E
:10B32000BD4680BDC00C002080B485B000AF034690
:10B33000FB710B46BB7113467B710023FB7397F9BE
:10B340000730002B41DBBB793F2B3ED8BB79DB08B4
:10B35000DBB2C3F10703BB73BB7903F007037B7355
:10B360007B7BC3F10703012202FA03F3FB737B79B2
:10B37000002B12D0FA79BB7B1749D2000A44134440
:10B380001878FA79BB7BF97B0143C8B21249D20025
:10B390000A44134402461A7018E0FA79BB7B0E493E
:10B3A000D2000A4413441B785AB297F90F30DB439A
:10B3B0005BB2134059B2FA79BB7BC8B20649D200DE
:10B3C0000A44134402461A7000E000BF1437BD4619
:10B3D0005DF8047B704700BFC00C002090B585B0BD
:10B3E00000AF0446084611461A462346FB71034641
:10B3F000BB710B467B7113463B71BB793B737B7909
:10B40000203B7B710023BB734DE03B790C2B0BD1B0
:10B410007A79B97B284813465B0013449B000344A8
:10B420000B441B78FB7307E07A79BB7B234912013D
:10B430000A4413441B78FB7300237B732DE097F9B8
:10B440000F30002B07DA97F82020B979FB791846DE
:10B45000FFF76AFF0CE097F82030002B0CBF0123A8
:10B460000023DBB21A46B979FB791846FFF75CFF77
:10B47000FB7B5B00FB73BB790133BB71BA793B7B10
:10B48000D21A3B799A4205D13B7BBB71FB790133E0
:10B49000FB7105E07B7B01337B737B7B072BCED974
:10B4A000BB7B0133BB73BA7B3B799A42ADD300BF00
:10B4B00000BF1437BD4690BD200A0108940E010854
:10B4C00080B584B002AF03463A60FB710B46BB7196
:10B4D0001FE0FB797A2B04D90023FB71BB79103371
:10B4E000BB71BB793A2B05D90023FB71FB79BB718A
:10B4F000FFF7F4FE3B681A78B979F87901230093D5
:10B500000C23FFF76BFFFB790833FB713B680133BA
:10B510003B603B681B78002BDBD100BF00BF0837C6
:10B52000BD4680BD80B500AFFCF79AFE424B1B6F55
:10B53000414A23F0010313673F4B1B6F3E4A23F040
:10B5400004031367FCF7A0FE00224FF480513B4830
:10B55000FBF794FE6420FAF7DDFD01224FF48051E1
:10B560003648FBF78BFE0021AE20FFF769FE002175
:10B57000D520FFF765FE00215020FFF761FE002176
:10B58000A820FFF75DFE00213F20FFF759FE0021B4
:10B59000D320FFF755FE00210020FFF751FE0021C8
:10B5A0004020FFF74DFE00218D20FFF749FE0021CE
:10B5B0001420FFF745FE00212020FFF741FE002167
:10B5C0000220FFF73DFE0021A120FFF739FE0021F8
:10B5D000C020FFF735FE0021DA20FFF731FE002101
:10B5E0001220FFF72DFE00218120FFF729FE002108
:10B5F000EF20FFF725FE0021D920FFF721FE0021D3
:10B60000F120FFF71DFE0021DB20FFF719FE0021CE
:10B610003020FFF715FE0021A420FFF711FE0021C6
:10B62000A620FFF70DFE0021AF20FFF709FEFFF770
:10B6300055FE00BF80BD00BF00380240000C024034
:10B64000024B0146186800F02DB800BFB001002081
:10B65000024B0146186801F077BD00BFB001002021
:10B6600070B50F4E0C463168054611B900F0B4FEB6
:10B6700030602146284600F0AFFE431C03D14FF056
:10B68000FF34204670BDC41C24F00304A042F8D04F
:10B69000211A284600F0A0FE0130F2D1EFE700BFEA
:10B6A000C01000202DE9F843CD1C25F00305083516
:10B6B0000C2D38BF0C25002D064601DBA94204D90C
:10B6C0000C2333600020BDE8F883DFF8D48000F05D
:10B6D00069F8D8F800301C4644BB29463046FFF7CD
:10B6E000BFFF431C044658D1D8F800402746002F1E
:10B6F00043D1002C4BD023683946304604EB030974
:10B7000000F06AFE814542D121686D1A2946304613
:10B71000FFF7A6FF01303AD023682B442360D8F806
:10B7200000305A6862BBC8F800700FE02268521BF4
:10B7300020D40B2A17D96119A342256018BF59607C
:10B74000636808BFC8F8001062514B60304600F0D3
:10B750002FF804F10B00231D20F00700C21A1CBFB4
:10B760001B1AA350AFE76268A3420CBFC8F80020C1
:10B770005A60EBE723466468AEE73C467F68B6E76D
:10B780001A465B68A342FBD100235360DEE70C231B
:10B790003360304600F00CF894E70560D6E700BF50
:10B7A000C4100020014800F064BE00BF0812002051
:10B7B000014800F05FBE00BF081200202DE9FF47DE
:10B7C00057EC106B002F0C4619463B46BBBF07F1E8
:10B7D00000431F4600232D230B700D9BDDF830A086
:10B7E000914623F02008BCBF32461646B8F1460FFA
:10B7F00005D0B8F1450F00D10134022100E003214A
:10B8000003AB019302AB009347EC106B5346224607
:10B8100000F0CAFEB8F1470F054619D119F0010F23
:10B820000ED000EB04090022002330463946F5F71C
:10B830004BF908B1CDF80C903022039B4B451ED339
:10B84000039B0E9A5B1B2846136004B0BDE8F0878B
:10B85000B8F1460F00EB0409E5D10378302B0AD18B
:10B860000022002330463946F5F72EF918B9C4F105
:10B870000104CAF80040DAF800309944D3E7591CB3
:10B8800003911A70D9E7F7B50029BABF49422D23B1
:10B890002B2309290270437029DD0DF107031D4692
:10B8A0000A271A46B1FBF7F607FB1614303402F8E4
:10B8B000014C0C46632C03F1FF333146F1DC30318F
:10B8C000941E03F8011C411C2346AB420AD30DF120
:10B8D00009039B1AAC4288BF002302330344181AA1
:10B8E00003B0F0BD13F8016B01F8016FEDE73023F1
:10B8F00030318370C170031DF1E700002DE9F04F76
:10B900008DB00C46DDF8588016461F46054600F0FF
:10B910002BFD036804931846F4F7AAFC00230A934E
:10B92000D8F800300590073323F0070303F108022D
:10B9300094F818A0D4F800B0C8F80020D3E9008922
:10B9400029F000430793CDF81880C4E91289DDE996
:10B9500006019C4B4FF0FF32F5F7E8F870BBDDE9CC
:10B960000601984B4FF0FF32F5F7C2F830BB0022CA
:10B97000002340464946F5F7B1F810B12D2384F86D
:10B980004330914A914BBAF1470F8CBF904698468D
:10B99000032323612BF0040323604FF00009009779
:10B9A00033460BAA2146284600F0D2F9013040F078
:10B9B0008D804FF0FF300DB0BDE8F08F42464B4612
:10B9C00040464946F5F7B2F840B14B46002BBCBFA4
:10B9D0002D2384F843307E4A7E4BD4E763680AF017
:10B9E000DF0206925A1C3BD1062363604BF480624F
:10B9F0000023226003930AABCDE901A309AB0093B6
:10BA0000616849EC108B0DF123032846FFF7D6FE41
:10BA1000069B0999472B804629D1C81C02DB636825
:10BA2000994241DDAAF1020A5FFA8AFA01395246C7
:10BA300004F150000991FFF726FF0A9A1318012A12
:10BA40008146236102DC2268D20701D501332361DC
:10BA50009DF82330002BA2D02D2384F843309EE79D
:10BA6000069A472AC2D1002BC0D10123BDE7BAF103
:10BA7000650FDBD9BAF1660F18D1002963680BDDB9
:10BA8000216113B92268D00702D501330B44236129
:10BA9000A1654FF00009DBE713B92268D20701D591
:10BAA0000233F4E70123F2E74FF0670A0A9B994259
:10BAB00005DB23682161D807EAD54B1CE7E700299D
:10BAC000D4BFC1F1020201221344E0E723685A0502
:10BAD00007D42369424631462846B84701302BD166
:10BAE00067E7BAF1650F40F2DD80D4E91201002268
:10BAF0000023F4F7E9FF002833D0374A0123314609
:10BB00002846B84701303FF454AFDDE909384345D2
:10BB100002DB2368D8070FD5DDE904233146284628
:10BB2000B84701303FF445AF4FF0000908F1FF3846
:10BB300004F11A0AC84509DC23689B0700F1038158
:10BB4000E0680B9B9842B8BF184634E70123524681
:10BB500031462846B84701303FF42BAF09F10109BF
:10BB6000E8E7099B002B39DC1B4A012331462846B4
:10BB7000B84701303FF41DAFDDE9093959EA030345
:10BB800002D12368D907D7D5DDE9042331462846F9
:10BB9000B84701303FF40DAF4FF0000A04F11A0B23
:10BBA000099B5B42534501DC4B4693E701235A4610
:10BBB00031462846B84701303FF4FBAE0AF1010A8E
:10BBC000EEE700BFFFFFEF7F88140108841401082F
:10BBD000901401088C14010894140108A36DDDF879
:10BBE00028A05345A8BF5346002B994636DC4FF09A
:10BBF000000B29EAE97904F11A02A36D0693A3EB7D
:10BC000009035B4531DC099B9A453ADC2368DA0776
:10BC100037D4099BAAEB0309069BAAEB03039945BA
:10BC2000A8BF9946B9F1000F33DC4FF0000829EAAC
:10BC3000E97904F11A0B099BAAEB0303A3EB0903AF
:10BC400043457FF779AF01235A4631462846B84726
:10BC500001303FF4AEAE08F10108ECE74246314650
:10BC60002846B8470130C2D1A3E601233146284611
:10BC70000692B84701303FF49CAE069A0BF1010BD7
:10BC8000BBE7DDE9042331462846B8470130C0D17F
:10BC90008FE6069A4B46424431462846B847013063
:10BCA000C3D186E6DDF828A0BAF1010F01DCDB077D
:10BCB00036D50123424631462846B84701303FF485
:10BCC00078AEDDE9042331462846B84701303FF419
:10BCD00070AED4E91201002200230AF1FF3AF4F712
:10BCE000F3FEC0B9534608F1010231462846B84771
:10BCF00001300CD15DE601235A4631462846B8474B
:10BD000001303FF456AE08F10108D045F3DB4B4655
:10BD100004F15002DFE64FF0000804F11A0BF4E7DB
:10BD200001234246E1E701234A4631462846B84707
:10BD300001303FF43EAE08F10108E3680B995B1A4D
:10BD40004345F0DCFCE64FF0000804F11909F4E784
:10BD50002DE9F047164698468A680B69DDF8209071
:10BD60009342B8BF1346336091F8432007460C4610
:10BD70000AB1013333602368990642BF3368023346
:10BD80003360256815F0060506D104F1190AE36849
:10BD900032689B1AAB4226DC94F843302268003BA1
:10BDA00018BF012392062BD404F1430241463846C2
:10BDB000C84701301ED02368226903F00603042B14
:10BDC00002BFE5683368ED1AA3680CBF25EAE57584
:10BDD00000259342C4BF9B1AED1800261A34B542C1
:10BDE0001AD1002008E00123524641463846C84790
:10BDF000013003D14FF0FF30BDE8F0870135C6E7D1
:10BE0000E1185A1C302081F84300224494F8451070
:10BE100082F843100233C7E70123224641463846E1
:10BE2000C8470130E6D00136D9E700002DE9FF47C9
:10BE30000F7E0C9E782F914680460C469A4601F163
:10BE4000430207D8622F0AD8002F00F0D180582F64
:10BE500000F0B88004F1420684F842703AE0A7F19D
:10BE60006303152BF6D801A151F823F0C5BE0008D5
:10BE7000D9BE000855BE000855BE000855BE0008D2
:10BE800055BE0008D9BE000855BE000855BE0008C2
:10BE900055BE000855BE0008D7BF000803BF000804
:10BEA00091BF000855BE000855BE0008F9BF000844
:10BEB00055BE000803BF000855BE000855BE000867
:10BEC00099BF000833681A1D1B68326004F14206EE
:10BED00084F8423001239CE033682068191D3160EA
:10BEE000060601D51D6803E04506FBD5B3F90050F1
:10BEF000002D03DA2D236D4284F8433058480A237D
:10BF000011E021683368080653F8045B02D449063F
:10BF100048BFADB26F2F5248336014BF0A230823C5
:10BF2000002184F843106668A660002E05DB2168B6
:10BF30002E4321F0040121604BD01646B5FBF3F1EE
:10BF400003FB1157C75D06F8017D2F46BB420D4626
:10BF5000F4D9082B0BD12368DF0708D52369616862
:10BF60009942DEBF302306F8013C06F1FF36921BF2
:10BF70002261CDF800A04B4603AA21464046FFF7B8
:10BF8000E7FE01304AD14FF0FF3004B0BDE8F08742
:10BF9000236843F0200323603248782784F84570F3
:10BFA000236831681F0651F8045B02D45F0648BF5E
:10BFB000ADB23160D90744BF43F0200323601DB107
:10BFC0001023ADE72648E9E7236823F02003236028
:10BFD000F6E71646BDE7336825686169181D3060CD
:10BFE0002E061B6801D5196002E06806FBD5198092
:10BFF000002323611646BCE733681A1D32601E68B1
:10C00000626800213046F4F7E3F808B1801B6060F5
:10C0100063682361002384F84330AAE7236932462A
:10C0200049464046D0470130ADD023689B0713D422
:10C03000E068039B9842B8BF1846A6E70123324642
:10C0400049464046D04701309DD00135E368039909
:10C050005B1AAB42F2DCEBE7002504F11906F5E7C9
:10C0600096140108A7140108002310B50446C0E97E
:10C070000033C0E90433836081814366C2818361F8
:10C08000194608225C3000F067F90D4B63620D4BD6
:10C09000A3620D4BE3620D4B23630D4B24629C4264
:10C0A00006D003F16802944202D0D0339C4205D1FD
:10C0B00004F15800BDE8104000F0DAB910BD00BF2F
:10C0C00059C200087BC20008B3C20008D7C20008EA
:10C0D000C8100020024A0349034800F069B800BFB5
:10C0E000A401002089DC0008B401002041680C4B49
:10C0F000994210B5044601D001F0C6FDA168094B74
:10C10000994202D0204601F0BFFDE168064B9942FA
:10C1100004D02046BDE8104001F0B6BD10BD00BF00
:10C12000C8100020301100209811002010B50B4BD2
:10C130000B4C0C4A1A60204600220421FFF794FFA2
:10C1400004F1680001220921FFF78EFF04F1D000FD
:10C150000222BDE810401221FFF786BF0012002026
:10C16000C8100020D5C00008014800F082B900BF07
:10C1700009120020014800F07DB900BF091200201B
:10C1800010B50446FFF7F0FF236A1BB1BDE810406D
:10C19000FFF7F0BF044B2362044B1B68002BF5D163
:10C1A000FFF7C4FFF2E700BFEDC000080012002057
:10C1B0002DE9F8430746884614460026D4E9019540
:10C1C000B9F1010905D52468002CF7D13046BDE846
:10C1D000F883AB89012B07D9B5F90E30013303D0B1
:10C1E00029463846C04706436835E9E70CB430B500
:10C1F000184B0C1E1D689DB008DA8B232B604FF086
:10C20000FF301DB0BDE8304002B070474FF40273FC
:10C21000ADF814304FF000031B9314BF04F1FF334B
:10C220002346049307934FF6FF7302900690ADF8F0
:10C230001630209A21AB02A92846019301F0A4FBF5
:10C24000431CBCBF8B232B60002CDAD0029B002246
:10C250001A70D6E7B001002010B50C46B1F90E10E7
:10C2600000F0A8F80028ABBF636DA3891B1823F466
:10C270008053ACBF6365A38110BD2DE9F0411F461B
:10C280008B89DB0505460C46164605D5B1F90E101F
:10C290000223002200F07CF8A389B4F90E1023F4E5
:10C2A0008053A38132463B462846BDE8F04100F06A
:10C2B000A3B810B50C46B1F90E1000F069F8431C94
:10C2C000A38915BF606523F4805343F48053A38191
:10C2D00018BFA38110BDB1F90E1000F049B830B5F8
:10C2E0001446002C9BB005461A4605DA8B230360E2
:10C2F0004FF0FF301BB030BD4FF40273ADF80C307F
:10C300004FF00003199314BF04F1FF332346029347
:10C3100005934FF6FF7300910491ADF80E30694616
:10C320001E9B01F031FB431CBCBF8B232B60002CF8
:10C33000E0D0009B00221A70DCE7000007B50093F4
:10C3400013460A46014603480068FFF7C8FF03B0DA
:10C350005DF804FBB001002002440346934200D183
:10C36000704703F8011BF9E700487047F00200200E
:10C3700038B5064D0023044608462B60F9F7DCFC6F
:10C38000431C02D12B6803B1236038BD0412002086
:10C3900038B5074D04460846114600222A601A4661
:10C3A000F9F7F1FC431C02D12B6803B1236038BDBF
:10C3B0000412002038B5074D0446084611460022F5
:10C3C0002A601A46F9F77FFC431C02D12B6803B19F
:10C3D000236038BD0412002038B5064D0023044602
:10C3E00008462B60F9F7DCFC431C02D12B6803B133
:10C3F000236038BD0412002038B5074D04460846B6
:10C40000114600222A601A46F9F77AFC431C02D131
:10C410002B6803B1236038BD04120020014B18685B
:10C42000704700BFB001002070B50D4D0D4C641B6E
:10C43000A4100026A64209D10B4D0C4C04F0E8F9DB
:10C44000641BA4100026A64205D170BD55F8043B1C
:10C4500098470136EEE755F8043B98470136F2E776
:10C46000901A0108901A0108901A0108941A0108FC
:10C470007047704770470A44914200F1FF3300D182
:10C48000704710B511F8014B03F8014F9142F9D1F3
:10C4900010BD2DE9F74F03690C69A34207467EDB07
:10C4A000013C01F11408A30000F11405009305EB11
:10C4B0008403019358F8243055F8242001339A421C
:10C4C00008EB8409B2FBF3F62ED34FF0000AC44602
:10C4D000AE46D3465CF8043B98B206FB00A0020CC3
:10C4E0001B0C06FB0323DEF8002080B292B2121A66
:10C4F0005A44DEF800004FEA134A9BB2C3EB2243D2
:10C5000003EB104392B242EA0342E1454EF8042B9A
:10C510004FEA234BDED2009BEB582BB9019B043B27
:10C520009D421A462FD33C61384601F0C9F80028D5
:10C5300025DB2946002058F8042BD1F800C01FFA4B
:10C5400082FE1FFA8CF3A3EB0E030344120CC2EB22
:10C55000234202EB1C429BB243EA0243C14541F82D
:10C56000043B4FEA2240E6D255F8242005EB840331
:10C5700022B9043B9D421A460BD33C61013630463A
:10C5800003B0BDE8F08F1268043B002ACBD1013C18
:10C59000C6E71268043B002AEFD1013CEAE700201D
:10C5A000EEE70000000000002DE9F04FC76997B0EA
:10C5B0008DED040B55EC104B209E079181460C929B
:10C5C00011937FB91020FFF73BF80246C9F81C0011
:10C5D00020B9A94BEF21A94801F098FBC0E90177E8
:10C5E0000760C760D9F81C30196859B15A684A60A9
:10C5F000012393408B60484600F030FED9F81C3090
:10C6000000221A602B1EB9BF23F0004305930023BC
:10C610003360059F9A4BBCBF01223260BB4312D1ED
:10C62000119A42F20F731360C7F31303234300F010
:10C630005A85219BDFF85CA2002B00F05C850AF193
:10C64000030300F056BD9DED047B002251EC170B57
:10C6500000238DED0A7BF4F737FA804658B1119A22
:10C6600001231360219B13B1219A864B1360DFF8DD
:10C6700028A200F040BD9DED0A0B14AA15A948465A
:10C6800001F0CEF8C7F30A560290002E78D00B9B2B
:10C69000CDF84880C3F31303DDE90A0143F07F536B
:10C6A00043F44013A6F2FF3619460022764BF3F707
:10C6B000EBFD6BA3D3E90023F3F79EFF6AA3D3E955
:10C6C0000023F3F7E3FD044630460D46F3F72AFF57
:10C6D00067A3D3E90023F3F78FFF02460B462046FA
:10C6E0002946F3F7D3FD04460D46F4F735FA002248
:10C6F0000746002320462946F4F7F0F940B13846B2
:10C70000F3F710FF22462B46F4F7DEF900B9013F9C
:10C71000162F52D85D4B03EBC703D3E90023DDE9A5
:10C720000A01F4F7DBF9002849D0013F00231093F8
:10C73000149B9B1B5A1E45BFC3F1010300930023AA
:10C740000023069254BF00930693002F39DB069B0B
:10C750000D973B44069300230893079B092B63D84E
:10C76000052BC4BF043B0793079BA3F10203CCBF77
:10C7700000240124032B63D8DFE803F05254372B45
:10C78000DDE914631E4406F23243202BC1BFC3F11E
:10C7900040039F4006F2124324FA03F3D6BFC3F1CD
:10C7A000200347EA030004FA03F0F3F7ABFE01228B
:10C7B000A1F1F873013E129276E70123B7E71090DA
:10C7C000B6E7009BDB1B00937B42089300230D938D
:10C7D000C3E7012309930C9B07EB030B0BF1010348
:10C7E000012B0393B8BF012306E0012309930C9B9F
:10C7F000002B28DD9B460393D9F81C00002104225E
:10C8000002F114059D4226D94160484600F0E6FC3D
:10C810008246002842D11E4B024640F2AF11DAE6B2
:10C820000023E3E70023D5E70124002307930994BD
:10C830004FF0FF3B0022CDF80CB012230C92DBE747
:10C8400001230993F4E74FF0010BCDF80CB05B46E0
:10C85000CDF830B0D0E701315200D1E7AFF300801E
:10C8600061436F63A787D23FB3C8608B288AC63FF6
:10C87000FB799F501344D33FC5140108DC14010811
:10C880000000F07F951401080000F83F3016010801
:10C8900034150108C114010894140108D9F81C309A
:10C8A0001860039B0E2B00F2A180002C00F09E80EC
:10C8B000002F33DD9C4B07F00F0203EBC20393ED17
:10C8C000007BF8058DED0E7B4FEA271416D5974BAC
:10C8D000DDE90A01D3E90823F3F7B8FFCDE9040144
:10C8E00004F00F040326914D54B9DDE90E23DDE970
:10C8F0000401F3F7ABFFCDE9040128E00226F2E7DB
:10C90000E10708D5DDE90E01D5E90023F3F774FE50
:10C91000CDE90E01013664100835E5E700F0AF807F
:10C920007C42814B814D04F00F0203EBC203D3E93B
:10C930000023DDE90A01F3F75FFECDE904012411CC
:10C9400000230226002C40F08F80002BD3D1109BB7
:10C95000DDE90445002B00F09480754B0022204651
:10C960002946F4F7BBF8002800F08B80039B002BCE
:10C9700000F08780BBF1000F34DD20466D4B0022B4
:10C980002946F3F739FECDE9040107F1FF380136F6
:10C990005C463046F3F7C6FDDDE90423F3F72CFED1
:10C9A000654B0022F3F772FC0546A1F15076002C8E
:10C9B0006AD1DDE90401614B0022F3F765FC024610
:10C9C0000B46CDE904232A463346F4F7A5F80028A0
:10C9D00040F09882DDE904012A4606F10043F4F7AD
:10C9E0007DF838BBDDE90A34CDE90434159B002B12
:10C9F000C0F257810E2F00F354814B4B03EBC7035A
:10CA000093ED007B0C9B002B8DED007B80F2E5808D
:10CA1000039B002B00F3E1800CD1484B002251EC2A
:10CA2000170BF3F7E9FDDDE90423F4F76BF80028B1
:10CA300000F06682002425460C9B56466FEA0308E8
:10CA400000272146484600F009FC002D00F0BD807B
:10CA50002FB1AF4203D03946484600F0FFFB2946CC
:10CA6000484600F0FBFBB0E0E20705D5D5E900231E
:10CA7000F3F7C2FD013601236410083562E7022690
:10CA800065E7039CB84684E7274B099903EBC40389
:10CA900053E902235444002954D029490020F3F7D4
:10CAA000D5FE33462A46F3F7EFFBCDE90E01564695
:10CAB000DDE90401F4F750F80546F3F733FD0246CB
:10CAC0000B46DDE90401F3F7DFFB303502460B4688
:10CAD000CDE9042306F8015BDDE90E23F3F7FEFF41
:10CAE000002872D1DDE9042311490020F3F7CCFBC3
:10CAF000DDE90E23F3F7F2FF002840F0B480A642F0
:10CB00003FF470AFDDE90E010A4B0022F3F774FD2C
:10CB1000084BCDE90E010022DDE90401F3F76CFDBD
:10CB2000CDE90401C4E700BF30160108081601086A
:10CB30000000F03F0000244000001C4000001440B2
:10CB40000000E03F31462846F3F756FDCDE90E01DF
:10CB500013945646DDE90401F3F7FEFF0546F3F7AB
:10CB6000E1FC02460B46DDE90401F3F78DFB3035AD
:10CB700006F8015B02460B46A642CDE904234FF0BE
:10CB8000000224D1AF4BDDE90E01F3F77FFB024633
:10CB90000B46DDE90401F3F7BFFF002863D1DDE9AF
:10CBA0000E23A8490020F3F76FFB02460B46DDE990
:10CBB0000401F3F793FF00283FF414AF139E731E94
:10CBC000139316F8013C302BF8D047463BE09E4BC0
:10CBD000F3F712FDCDE90401BCE7DDE90445564653
:10CBE000DDE9002320462946F3F730FEF3F7B4FFD2
:10CBF0008046F3F797FCDDE90023F3F7FDFC0246DE
:10CC00000B462046294608F13004F3F73DFB06F8B1
:10CC1000014B039DA6EB0A04A54202460B4633D105
:10CC2000F3F734FBDDE9002304460D46F3F774FF08
:10CC3000C0B9DDE9002320462946F3F745FF10B1CE
:10CC400018F0010F0ED10299484600F007FB0023AF
:10CC50003370119B01371F60219B002B00F04B822A
:10CC60001E6048E2B84633461E4613F8012D392AA5
:10CC700006D19A45F8D1302208F101088AF800203F
:10CC80001A7801321A70A0E76F4B0022F3F7B4FC58
:10CC90000022002304460D46F3F716FF00289FD01C
:10CCA000D1E7099A002A00F0EA80079A012A00F3E6
:10CCB000CD80129A002A00F0C18003F23343089C11
:10CCC000009E009A1A440092069A01211A4448468E
:10CCD000069200F077FB054666B1069B002B09DD46
:10CCE000B342009AA8BF3346D21A0092069AF61AA7
:10CCF000D31A0693089B0BB3099B002B00F0C68048
:10CD0000002C00F0C08029462246484600F012FC64
:10CD1000029A01460546484600F06AFB02998046A1
:10CD2000484600F09BFA089B1B1B089300F0B1805B
:10CD3000089A4146484600F0FDFB02900121484612
:10CD400000F040FB0D9B0446002B00F0D8811A46F2
:10CD50000146484600F0EEFB079B012B044600F31A
:10CD60009F80049B002B40F09780059BC3F3130327
:10CD7000002B40F09380059B23F000431B0D1B0507
:10CD800033B1009B01330093069B013306930123CB
:10CD900008930D9B002B00F0B881236904EB8303FB
:10CDA000186900F0C3FAC0F12000069B184410F087
:10CDB0001F0000F08280C0F12003042B73DD009B74
:10CDC000C0F11C0003440093069B034406440693F1
:10CDD000009B002B05DD02991A46484600F004FC32
:10CDE0000290069B002B05DD21461A46484600F0BE
:10CDF000FBFB0446109B002B61D00298214600F0FB
:10CE00005FFC00285BDA002302990A22484600F002
:10CE100047FA099B029007F1FF38002B00F0778159
:10CE2000294600230A22484600F03AFABBF1000FD7
:10CE300005466FDC079B022B49DC6BE0149BC3F1BA
:10CE400036033CE70000E03F00002440039B5C1EEB
:10CE5000089BA34209DB1C1B039B002BBFF630AFD2
:10CE6000009B039A9E1A00232BE7089B0D9A0894B7
:10CE7000E31A1A44009E039B0D92002421E7089CAC
:10CE8000009E099D28E7DDF8088051E7089A02997D
:10CE900050E7CDF8088051E7002379E7049B77E756
:10CEA0000023089379E793D0009A1C331A44009228
:10CEB000069A1A441E4406928AE70346F4E7039B47
:10CEC000002BB84620DC9B46079B022B1EDDBBF1E6
:10CED000000F7FF4B1AD21465B460522484600F0C5
:10CEE000DFF901460446029800F0EAFB00287FF7CC
:10CEF000A3AD5646312306F8013B08F101089FE532
:10CF0000039CB8462546F4E7DDF80CB0099B002BDE
:10CF100000F00181002E05DD29463246484600F02A
:10CF200063FB0546089B002B5CD06968484600F00F
:10CF300055F9064628B9824B024640F2EF21FFF729
:10CF40004ABB2A690232920005F10C010C30FFF74E
:10CF500092FA01223146484600F046FB0AF10103ED
:10CF600000930AEB0B030893049B03F001032F4685
:10CF700006930546009B0298214603F1FF3BFFF70D
:10CF800088FA03463033039039460298099300F03B
:10CF900097FB2A4604902146484600F0ADFBC26844
:10CFA000099B064602BB0146029800F089FB099BDB
:10CFB0000246314648460C92099300F04FF9079B10
:10CFC0000C9A009E42EA0301069B1943099B0DD16E
:10CFD000392B27D0049A002A01DD039B31338BF8CB
:10CFE00000302EE52846B9E70122E2E7049900293E
:10CFF00004DB079801430698014320D1002AEEDDA7
:10D00000029900930122484600F0EEFA2146029070
:10D0100000F056FB0028009B02DCE0D1DA07DED5E9
:10D02000392BDAD139238BF8003033461E46013BC9
:10D0300016F8012C392A4ED001321A7001E5002A67
:10D0400003DD392BEED00133C9E7009A089902F8C5
:10D05000013C8A4228D0029900230A22484600F067
:10D060001FF9AF4202904FF000034FF00A02394619
:10D07000484607D100F014F907460546009B0133E6
:10D08000009377E700F00CF92946074600230A22AF
:10D09000484600F005F90546F0E7BBF1000FCCBFAC
:10D0A0005E46012656440027029900930122484615
:10D0B00000F09AFA2146029000F002FB0028B4DC4E
:10D0C00002D1009BDB07B0D433461E4613F8012D76
:10D0D000302AFAD0B5E49A45A8D1312308F10108E5
:10D0E0008AF80030ADE4219BDFF858A01BB10AF1AB
:10D0F0000803219A1360504617B0BDE8F08F079BD4
:10D10000012B7FF72EAE0D9B089301204DE6BBF15E
:10D11000000F7FF7D9AE564602982146FFF7B9F9BE
:10D1200000F1300306F8013BA6EB0A029345B4DD9B
:10D13000029900230A22484600F0B2F80290EBE779
:10D1400034150108B814010838B50546002941D046
:10D1500051F8043C0C1F002BB8BFE418FEF722FB6B
:10D160001D4A136833B9636014602846BDE838402F
:10D17000FEF71EBBA34208D9206821188B4201BFCD
:10D1800019685B6809182160EDE71A465B680BB106
:10D19000A342FAD911685018A0420BD1206801446B
:10D1A000501883421160E0D118685B6853600844EE
:10D1B0001060DAE702D90C232B60D6E7206821182B
:10D1C0008B4204BF19685B68636004BF0918216063
:10D1D0005460CAE738BD00BFC410002070B5C669EE
:10D1E00004460D4676B91020FEF72AFA0246E061A1
:10D1F00020B9184B18486B2100F088FDC0E9016682
:10D200000660C660E669F36883B1E369DB6853F8DA
:10D210002500B8B9012101FA05F6721D92002046D9
:10D2200000F092FD60B1C0E901560EE02122042118
:10D23000204600F089FDE369F060DB68002BE4D153
:10D24000002070BD026843F825200023C0E90333A5
:10D25000F7E700BFC51401084515010870B5C66998
:10D2600005460C4676B91020FEF7EAF90246E86159
:10D2700020B9094B09488F2100F048FDC0E901663B
:10D280000660C6603CB1EB696268DB6853F8221047
:10D29000216043F8224070BDC514010845150108FE
:10D2A0002DE9F0410D6907460C461E4601F1140CAC
:10D2B0000020DCF8003099B202FB01611E0C0B0C5F
:10D2C00002FB063389B2013001EB034185424CF881
:10D2D000041B4FEA1346ECDC0EB3A368AB4219DC27
:10D2E000616838460131FFF779FF804628B9024668
:10D2F0000C4B0D48BA2100F009FD2269023204F1FD
:10D300000C0192000C30FFF7B6F821463846FFF7C3
:10D31000A5FF444604EB850301355E612561204687
:10D32000BDE8F0813415010845150108B0F5803FCE
:10D33000034636BF030400201020B3F1807F3CBFBA
:10D340001B020830B3F1805F3CBF1B010430B3F116
:10D35000804F3CBF9B000230002B05DB13F0804F59
:10D3600000F1010008BF202070470368024613F057
:10D3700007000BD0D90721D4980749BF5B089B0849
:10D38000012013605CBF13600220704799B209B995
:10D390001B0C1020D9B209B908301B0A190704BFA9
:10D3A0001B090430990704BF9B080230D90703D436
:10D3B0005B0800F1010003D0136070470020704744
:10D3C0002020704710B50C460121FFF707FF0246E9
:10D3D00028B9054B054840F2451100F097FC0123A0
:10D3E0004461036110BD00BF3415010845150108F3
:10D3F0002DE9F04F17460A693B699A42A8BF3B46A0
:10D400008946A4BF0F4699463D69D9F810A0BB686C
:10D41000796805EB0A06B34285B0B8BF0131FFF762
:10D42000DDFE30B90246414B41484FF4B17100F086
:10D430006DFC00F1140404EB860E234600227345B4
:10D4400020D307F1140809F1140108EB850501EB5D
:10D450008A030293EB1B153B23F0030304331537B8
:10D46000BD4238BF04230193029B03918B420CD829
:10D47000002E03DD5EF8043D002B55D0066105B09B
:10D48000BDE8F08F43F8042BD9E7B1F800A0BAF15A
:10D49000000F1FD0C446A14600275CF8042BD9F822
:10D4A00000301FFA82FB9BB20AFB0B333B44D9F8D6
:10D4B0000070120C3F0C0AFB027202EB13429BB28B
:10D4C00043EA0243654549F8043B4FEA1247E4D872
:10D4D000019BE750039BB3F802900431B9F1000FB0
:10D4E00020D023684746A4464FF0000AB7F800B0A2
:10D4F000BCF8022009FB0B2252449BB243EA0243D0
:10D500004CF8043B57F8043B4FEA134ABCF8003090
:10D5100009FB0A3303EB1243BD424FEA134AE5D835
:10D52000019AA35004349FE7013EA1E73415010896
:10D53000451501082DE9F843154612F00302074688
:10D540000E4607D0254C013A002354F82220FFF75D
:10D55000A7FE0646AD103DD0FC697CB91020FEF751
:10D560006FF80246F86128B91D4B1E4840F2B3110E
:10D5700000F0CCFBC0E901440460C460D7F81C8013
:10D58000D8F808404CB940F271213846FFF71AFF2D
:10D590000023C8F80800044603604FF00009EB07B9
:10D5A0000AD5314622463846FFF722FF31468046EB
:10D5B0003846FFF753FE46466D100BD0206838B949
:10D5C000224621463846FFF713FF2060C0F800903E
:10D5D0000446E4E73046BDE8F88300BFF8150108CB
:10D5E000C5140108451501082DE9F0470C464968A6
:10D5F000236903EB6218A368074691464FEA621A53
:10D6000008F10106B3420BDB3846FFF7E7FD05469C
:10D6100048B90246284B29484FF4EF7100F076FBD9
:10D6200001315B00EEE7002300F1140100F110026C
:10D630001846534533DB20692AEAEA7A04F11403D9
:10D6400019F01F0901EB8A0103EB800C2BD0C9F103
:10D65000200E8A460022186800FA09F010434AF8A2
:10D66000040B53F8042B9C4522FA0EF2F3D8ACEBD2
:10D670000403153B23F00303043304F11500604554
:10D6800088BF0423CA500AB108F10206013E384699
:10D690002E612146FFF7E2FD2846BDE8F08742F8FB
:10D6A000040F0133C5E7043953F8042B41F8042F64
:10D6B0009C45F9D8EAE700BF341501084515010873
:10D6C0000A6903460069801A30B50ED1143314314B
:10D6D00003EB820401EB820154F8045D51F8042D40
:10D6E000954203D005D24FF0FF3030BDA342F3D3B3
:10D6F000FBE70120F9E700002DE9F74F89460646D0
:10D70000114648461446FFF7DBFF051E12D1294695
:10D710003046FFF763FD024628B93F4B40F2372100
:10D720003E4800F0F3FA0123C0E90435104603B087
:10D73000BDE8F08FBCBF4B46A1463046D9F8041077
:10D74000BABF1C4601250025FFF748FD024618B95F
:10D75000314B40F24521E3E7D9F810702669C560E6
:10D7600009F1100309F1140504F1140E00F1140B72
:10D7700005EB87080EEB86060193D9464FF0000CA7
:10D78000019B5EF8040B53F804AF01931FFA8AF370
:10D79000194683B2CB1A000C6344C0EB1A4000EB6D
:10D7A00023409BB243EA0043764549F8043B4FEAE5
:10D7B000204CE5D8331B153B23F003031534043309
:10D7C000A64238BF04231D445B441E462C464445F4
:10D7D0000ED308F10301491B21F00301033DA845C5
:10D7E00038BF00210B4453F8041D91B117619DE728
:10D7F00054F8041BE646080C1CFA81FC714400EB4B
:10D800002C4089B241EA004146F8041B4FEA204C03
:10D81000DDE7013FE7E700BF3415010845150108C2
:10D820002DE9F7430F46012159EC108B1646FFF7FF
:10D83000D5FC044630B90246234B244840F20F3150
:10D8400000F064FAC9F30A55C9F313030DB143F4A8
:10D8500080130193B8F1000323D068460093FFF7CB
:10D8600084FDDDE90012D0B1C0F1200302FA03F318
:10D870000B43C24063610192019BA361002B0CBF6B
:10D88000012202222261A5B1A5F2334505443D6083
:10D89000C0F135003060204603B0BDE8F08361611F
:10D8A000EAE701A8FFF761FD019B636120300122D7
:10D8B000E8E704EB8203A0F2324038601869FFF712
:10D8C00035FDC0EB4210E5E73415010845150108A8
:10D8D0002DE9F0478E681F46BE420B6882460C4613
:10D8E00090462DD8B1F90C2012F4906F26D06569BE
:10D8F000096905EB4505A3EB010905EBD5757B1C13
:10D900004B446D109D4238BF1D46530527D529460F
:10D91000FDF7C8FE064660B321694A46FEF7ABFD37
:10D92000A38923F4906343F08003A381266165619A
:10D930004E44A5EB09052660A5603E46BE4200D9CF
:10D940003E4620683246414600F0C6F9A3689B1B5C
:10D95000A3602368334423600020BDE8F0872A4693
:10D9600000F018FA06460028E0D121695046FFF77A
:10D97000EBFB0C23CAF80030A38943F04003A381DA
:10D980004FF0FF30E9E700002DE9F04F98468B8912
:10D990001B069DB007460D46144610D50B6973B99A
:10D9A0004021FDF77FFE2860286130B90C233B60E1
:10D9B0004FF0FF301DB0BDE8F08F40236B610023B6
:10D9C000099320238DF82930CDF80C803023DFF81F
:10D9D0009C818DF82A304FF0010923469A4613F8AE
:10D9E000012B0AB1252AF9D1BAEB040B0BD05B4607
:10D9F000224629463846FFF76BFF013000F0A7802A
:10DA0000099A5A4409929AF80030002B00F09F803E
:10DA100000234FF0FF32CDE905230AF1010A0493F8
:10DA200007938DF853301A935446052214F8011BBE
:10DA30004E48F2F7CDFB049AD8B9D00644BF202354
:10DA40008DF85330110744BF2B238DF853309AF8CB
:10DA500000302A2B15D0079A544600204FF00A0CAC
:10DA6000214611F8013B303B092B4BD9B0B107924D
:10DA700014E0A0EB080309FA03F313430493A2464E
:10DA8000D2E7039B191D1B680391002BBBBF5B42B0
:10DA900042F0020207930793B8BF049223782E2B1B
:10DAA0000AD163782A2B32D1039B1A1D1B6803927B
:10DAB00043EAE37302340593DFF8C0A02178032220
:10DAC0005046F2F785FB38B1049BA0EB0A004022D8
:10DAD000824013430134049314F8011B24488DF849
:10DAE00028100622F2F774FB002836D0214B1BBB0E
:10DAF000039B073323F0070308330393099B334445
:10DB000009936AE70CFB02320C460120A8E70023C8
:10DB10000134059319464FF00A0C204610F8012BEA
:10DB2000303A092A03D9002BC6D00591C4E70CFB73
:10DB3000012104460123F0E703AB00932A460E4B74
:10DB400004A93846FDF7DAFE421C0646D6D1AB8959
:10DB50005B063FF52DAF09982CE703AB00932A46EF
:10DB6000054B04A93846FEF761F9EDE79E1501085B
:10DB7000A8150108FDB80008D1D80008A4150108AF
:10DB8000B1F90C202DE9F041160705460C4654D496
:10DB90004B68002B02DC0B6C002B48DDE66A002E84
:10DBA00045D0002312F480522F68216A2B6030D0B8
:10DBB000626DA389590705D56368D21A636B0BB1EF
:10DBC000236CD21A0023E66A216A2846B047431C18
:10DBD000A38906D129681D292BD82A4ACA40D6070D
:10DBE00027D500226260D9042269226004D5421C34
:10DBF00001D12B6803B96065616B2F60B9B104F185
:10DC00004403994202D02846FFF79EFA002363633B
:10DC10000DE001232846B0470246501CC9D12B68AD
:10DC2000002BC6D01D2B01D0162B1ED12F6000203B
:10DC300022E043F040031BB21BE00F69002FF6D037
:10DC400093070E6808BF4B690F6018BF0023A6EB4F
:10DC500007088B60B8F1000FE9DD216AA66A434628
:10DC60003A462846B047002808DCB4F90C3043F0A7
:10DC70004003A3814FF0FF30BDE8F0810744A8EBDB
:10DC80000008E7E70100402038B50B6905460C465F
:10DC900013B90025284638BD18B1036A0BB9FEF741
:10DCA0006FFAB4F90C30002BF3D0626ED00704D4B5
:10DCB000990502D4A06DFEF7DCFB28462146FFF74C
:10DCC0005FFF636EDA070546E4D4A3899B05E1D4C0
:10DCD000A06DFEF7CFFBDDE7884210B501EB020433
:10DCE00002D98442234607D8431EA14208D011F826
:10DCF000012B03F8012FF8E7024401468A4200D1C4
:10DD000010BD13F8014D02F8014DF7E71FB5144699
:10DD10001A46094B1B680546D8684CB1074B009161
:10DD2000CDE9013406492B4600F070F800F080F888
:10DD3000044B1C46F3E700BFB0010020B9150108F1
:10DD4000C6150108F415010870B5A1FB025434B9D9
:10DD50002946FDF7A7FC064628B9304670BD0C22BF
:10DD600002600026F9E72A462146FEF7F5FAF4E7B5
:10DD700082B001B901A942B14BB113780B6012789E
:10DD8000101E18BF012002B070471046FBE76FF06D
:10DD90000100F8E72DE9F041074614460D4621B988
:10DDA000BDE8F0411146FDF77DBC2AB9FFF7CCF97B
:10DDB00025462846BDE8F08100F041F88442064639
:10DDC00002D8B4EB500FF4D821463846FDF76AFC70
:10DDD000804608B94546ECE7B4422246294628BFAA
:10DDE0003246FEF748FB29463846FFF7ADF9F1E722
:10DDF0000346084641B1FF2A04D98A221A604FF02F
:10DE0000FF3070470A700120704700000EB403B560
:10DE1000014603AB054853F8042B0068019300F05A
:10DE20003FF802B05DF804EB03B07047B00100208A
:10DE300008B5062000F008FA0120F7F739FF51F87D
:10DE4000043C181F002BBCBF0B58C01870479368C8
:10DE5000013B002B10B4936008DA9469A34201DB04
:10DE60000A2903D15DF8044B00F032B91368581C3D
:10DE70001060197008465DF8044B7047F8B5064607
:10DE80000F461446D518AC4201D1002007E014F823
:10DE9000011B3A463046FFF7DAFF431CF3D1F8BDC9
:10DEA0002DE9F04F0D469DB014469846064618B130
:10DEB000036A0BB9FEF764F96B6ED90705D4AB8919
:10DEC0009A0502D4A86DFEF7D4FAAB891B0701D5D9
:10DED0002B699BB92946304600F038F970B16B6E5A
:10DEE000DC0704D54FF0FF301DB0BDE8F08FAB89E3
:10DEF0009805F7D4A86DFEF7BDFAF3E70023099360
:10DF000020238DF82930CDF80C803023DFF8AC8148
:10DF10008DF82A304FF0010923469A4613F8012B59
:10DF20000AB1252AF9D1BAEB040B0BD05B46224685
:10DF300029463046FFF7A2FF013000F0A780099A7A
:10DF40005A4409929AF80030002B00F09F80002379
:10DF50004FF0FF32CDE905230AF1010A049307933C
:10DF60008DF853301A935446052214F8011B534878
:10DF7000F2F72EF9049AD8B9D10644BF20238DF8C0
:10DF80005330130744BF2B238DF853309AF80030D9
:10DF90002A2B15D0079A544600204FF00A0C214630
:10DFA00011F8013B303B092B4BD9B0B1079214E07B
:10DFB000A0EB080309FA03F313430493A246D2E744
:10DFC000039B191D1B680391002BBBBF5B4242F0F2
:10DFD000020207930793B8BF049223782E2B0AD12D
:10DFE00063782A2B32D1039B1A1D1B68039243EAE4
:10DFF000E37302340593DFF8D4A02178032250465E
:10E00000F2F7E6F838B1049BA0EB0A004022824008
:10E0100013430134049314F8011B29488DF8281088
:10E020000622F2F7D5F800283FD0264B1BBB039BF6
:10E03000073323F0070308330393099B3B440993F9
:10E040006AE70CFB02320C460120A8E700230134EA
:10E05000059319464FF00A0C204610F8012B303A70
:10E06000092A03D9002BC6D00591C4E70CFB012176
:10E0700004460123F0E703AB00932A46124B04A9A0
:10E080003046FDF73BFC0746781CD6D16B6ED907AE
:10E0900005D4AB899A0502D4A86DFEF7EBF9AB89DC
:10E0A0005B063FF51FAF09981EE703AB00932A46B6
:10E0B000054B04A93046FDF7B9FEE4E79E150108BB
:10E0C000A8150108FDB800087DDE0008A4150108A8
:10E0D000F8B50E461446054618B1036A0BB9FEF7AB
:10E0E0004FF8A369A360A3891A0701D5236943B92F
:10E0F0002146284600F02AF818B14FF0FF3738467D
:10E10000F8BD23682269981A6369F6B283423746DC
:10E1100005DC21462846FFF7B7FD0028EDD1A368AE
:10E12000013BA36023685A1C22601E706269431C75
:10E130009A4204D0A389DB07E1D50A2EDFD121461C
:10E140002846FFF7A1FD0028D9D0D6E738B5294BDE
:10E15000054618680C4618B1036A0BB9FEF710F8AB
:10E16000B4F90C30190722D4DA0607D409222A6040
:10E1700043F04003A3814FF0FF3033E0580712D53E
:10E18000616B41B104F14403994202D02846FEF785
:10E19000DBFF00236363A38923F02403A38100230F
:10E1A000636023692360A38943F00803A381236983
:10E1B0004BB9A38903F42073B3F5007F03D0214644
:10E1C000284600F083F8B4F90C3013F001020AD0AD
:10E1D0000022A26062695242A261226942B913F030
:10E1E0008000C5D138BD990758BF6269A260F4E7C5
:10E1F0000020F7E7B00100201F2938B505460C467E
:10E2000004D9162303604FF0FF3038BDC26B12B142
:10E2100052F821304BB9284600F030F8224601462A
:10E220002846BDE8384000F017B8012B0AD0591C29
:10E2300003D1162303600120E7E7002142F82410F0
:10E24000204698470020E0E7024B01461868FFF798
:10E25000D3BF00BFB001002038B5074D00230446EE
:10E26000084611462B60F7F713FD431C02D12B68BB
:10E2700003B1236038BD00BF04120020F7F700BDD2
:10E2800070B50C46B1F90E10002996B015461E4621
:10E290000DDAA38913F0800F4FF0000114BF402363
:10E2A0004FF48063002031602B6016B070BD6A4669
:10E2B00000F048F80028ECDB019901F47041A1F569
:10E2C0000053594259414FF48063EBE78B89F7B50E
:10E2D0009D0706460C4607D504F1470323602361DA
:10E2E0000123636103B0F0BD01AB6A46FFF7C8FFCD
:10E2F000009F054639463046FDF7D4F948B9B4F9D0
:10E300000C309A05EED423F0030343F00203A381FB
:10E31000E2E7A389206043F08003A381019BC4E965
:10E3200004075BB1B4F90E10304600F01DF828B1B7
:10E33000A38923F0030343F00103A381A3891D43B1
:10E34000A581CFE738B5074D00230446084611469E
:10E350002B60F7F7FDFC431C02D12B6803B123604F
:10E3600038BD00BF0412002038B5064D0023044616
:10E3700008462B60F7F7FCFC431C02D12B6803B165
:10E38000236038BD0412002000F00EBCF8B52DED5E
:10E39000028BB0EE408AF0EE608A55EC114B00F033
:10E3A000CBFC22462B462046294657EC106BF2F751
:10E3B000BDFB00283BD151EC180B00220023F2F7E3
:10E3C00083FBB8B10022002320462946F2F77CFBEC
:10E3D000002846D145EC104B00F0AAF838B30022D3
:10E3E000002320462946F2F779FB00B3FEF716F822
:10E3F00022231BE047EC106B00F09AF8E0B9B0EE76
:10E40000480AF0EE680A00F093F8A8B145EC104B0A
:10E4100000F08EF880B132463B4630463946F2F77E
:10E4200085FB0028E2D0FDF7F9FF21230360BDEC56
:10E43000028B47EC106BF8BD0022002330463946B2
:10E44000F2F742FB0028F2D0B0EE480AF0EE680A7C
:10E4500000F06EF80028EAD045EC104B00F068F8A8
:10E46000C3E7014F0026E2E70000F03F38B52DED8D
:10E47000028B55EC104B00F0BDF822462B4620468F
:10E480002946B0EE408AF0EE608AF2F74FFB90B971
:10E490000022002320462946F2F720FB58B1FDF761
:10E4A000BDFF212303600022002310461946F2F726
:10E4B000CDF941EC180BB0EE480AF0EE680ABDEC5D
:10E4C000028B38BD000000001FB553EC102B16481E
:10E4D00023F00041814207D89FED111B012005B0B8
:10E4E0005DF804EB00F05CB91048814208D9104691
:10E4F0001946F1F7C9FE41EC100B05B05DF804FBBD
:10E50000684601F065F9400000F002009DED021B35
:10E510009DED000BC0F1010000F042F9EDE700BFF6
:10E520000000000000000000FB21E93FFFFFEF7F3B
:10E5300082B08DED000B019840F0004000F5801096
:10E54000C00F02B0704708B52DED028BB0EE408AC7
:10E55000F0EE608A00F032F830B9B0EE688AB0EEC2
:10E56000480ABDEC028B08BDB0EE680A00F026F840
:10E570000028F4D0B4EEE88AF1EE10FAEDDDEEE713
:10E5800008B52DED028BB0EE408AF0EE608A00F007
:10E5900015F830B9B0EE688AB0EE480ABDEC028BCF
:10E5A00008BDB0EE680A00F009F80028F4D0B4EE17
:10E5B000E88AF1EE10FAEDD5EEE7000010EE103A21
:10E5C00033F000400DD0A0F50003B3F1FE4F0AD3A5
:10E5D000074B421E9A4208D9A0F1FF4358425841C6
:10E5E000704702207047042070470320704700BF27
:10E5F000FEFF7F002DE9F84F664A55EC104BAA4309
:10E600002B46214610D1224620462946F1F7F4FF39
:10E6100002460B4620462946F1F738FE04460D46D1
:10E6200045EC104BBDE8F88F002D0EDC25F00042C4
:10E630002243F5D09DB1224620462946F1F724FE1B
:10E6400002460B46F2F702F9E8E72A1515D1002039
:10E6500009E0CB0A153A4905002BFAD0F7E72A461C
:10E66000FAE75B000130DC02FBD5441E121BC0F14F
:10E67000200421FA04F423438140C3F31303A2F2DC
:10E68000FF3743F48013D2075CBF5B0003EBD17309
:10E690004FEA430358BF4900002603EBD1737F10B4
:10E6A0004900162032464FF4001415199D42DEBF72
:10E6B0002A195B1B3619CD0F013805EB43034FEACE
:10E6C00041014FEA5404F0D1054620244FF0004C9C
:10E6D00093420CEB000E02DC13D18E4511D8BEF133
:10E6E000000F0EEB0C003FDA00283DDB02F10108C1
:10E6F0009B1A8E4588BF03F1FF33A1EB0E016544E1
:10E7000042464FEAD17E013C0EEB43034FEA410102
:10E710004FEA5C0CDCD119431BD0DFF87CA0DFF89A
:10E720007CB0DAE90001DBE90023F1F7ADFDDAE9BD
:10E73000008902460B4640464946F2F7D9F940B1F6
:10E74000B5F1FF3FDAE90001DBE900230ED1013624
:10E750002546731003F17F5303F5001303EB0751B4
:10E760006B0843EAC67059E79046C1E7F1F78EFDA2
:10E77000DAE9008902460B4640464946F2F7AEF90F
:10E7800020B1AB1C08BF01360235E2E76B1C23F059
:10E790000105DEE70000F07F0818010800180108F5
:10E7A0002DE9F04F5BEC10ABDB4B89B02BF0004751
:10E7B0009F4259EC118B0646CDF808B05DD8504603
:10E7C0005946F2F7C9F9054600287CD1731C524618
:10E7D00013433B4310D14BEC10AB01F08DFBCF4901
:10E7E00053EC102B0020F2F731F882468B464BECAD
:10E7F00010AB09B0BDE8F08F012EF8D042464B4671
:10E8000050465946F1F742FD02460B460F4600209E
:10E81000C349F2F71BF8CDE90001DDE900232E46DC
:10E8200052462C4630461D4639465B46F1F72CFDD4
:10E8300002460B4640464946F1F726FD32462B4636
:10E84000F1F7DAFE324682468B462B463046394691
:10E85000F1F7D2FEB14B0022F1F718FD02460B464C
:10E8600050465946F1F712FDDDE90023F1F7C4FEE9
:10E8700022462B46F1F70AFDB7E7AA4B9F4222D961
:10E88000029B002B05DA0BF100439B4609F1004384
:10E89000994652465B4682A1D1E90001F1F7F4FCAA
:10E8A00042464B4604460D467FA1D1E90001F1F7EF
:10E8B000EBFC22462B46F1F7E9FC4FF000088246BC
:10E8C0008B464FF0000952465B4650465946F1F7D9
:10E8D00093FE02460B46CDE90023F1F78DFEDDE9FC
:10E8E000002304460D4650465946F1F785FE70A3B5
:10E8F000D3E90023CDE9040120462946F1F77CFE47
:10E900006DA3D3E90023F1F7C1FC22462B46F1F7B2
:10E9100073FE6BA3D3E90023F1F7B8FC22462B4624
:10E92000F1F76AFE68A3D3E90023F1F7AFFC2246B2
:10E930002B46F1F761FE66A3D3E90023F1F7A6FCAD
:10E9400022462B46F1F758FE63A3D3E90023F1F7E3
:10E950009DFCDDE90023F1F74FFE61A3D3E900231D
:10E96000CDE9060120462946F1F746FE5EA3D3E92C
:10E970000023F1F78BFC22462B46F1F73DFE5CA30A
:10E98000D3E90023F1F782FC22462B46F1F734FE4F
:10E9900059A3D3E90023F1F779FC22462B46F1F77E
:10E9A0002BFE57A3D3E90023F1F770FC22462B4638
:10E9B000F1F722FE54A3D3E90023F1F767FC0246E6
:10E9C0000B46DDE90601F1F761FCDDE90423F1F70F
:10E9D00013FE42464B46F1F759FCDDE90023F1F7FF
:10E9E0000BFE42464B46F1F751FC49A3D3E9002305
:10E9F00004460D46DDE90401F1F7FEFD22462B46F3
:10EA0000F1F744FCCDE900010B4602465946504659
:10EA1000F1F73CFC434B9F4204460D4640F2848094
:10EA20003046F1F77FFD2246804689462B46204638
:10EA30002946F1F7E1FD424606460F464B46204681
:10EA40002946F1F723FC02460B4630463946F1F7DA
:10EA5000FDFEDDE90023F1F717FC02460B465046A8
:10EA60005946F1F711FC02460B46F1F70FFC02463E
:10EA70000B4640464946F1F707FC029B4FEAA37A52
:10EA80000AF0020A0446CAF101000D46F1F74AFDF8
:10EA900002460B4620462946F1F7AEFDA5E600BF2B
:10EAA000182D4454FB21E93F075C143326A6813C12
:10EAB000D47ABF74702AFB3EE9A7F0320FB8123F38
:10EAC00068108D1AF726303F1583E0FEC8DB573FEC
:10EAD00093846EE9E326823FFE41B31BBAA1AB3FAC
:10EAE000735360DBCB75F3BEA69237A0887E143FCC
:10EAF0000165F2F2D844433F280356C9226D6D3FA9
:10EB000037D60684F464963F7AFE10111111C13F86
:10EB1000635555555555D53FFFFF2F3E0000F03F3B
:10EB20000000F0BF2794E53F012E33D04FF00008DE
:10EB3000894602460B4600201849CDE90289F1F7C3
:10EB400085FE52460F465B4606460D464046494600
:10EB5000F1F79AFB02460B46DDE90001F1F794FB61
:10EB600042463B46F1F748FD424682468B463B46CD
:10EB700040464946F1F740FD094B0022F1F786FB7C
:10EB800002460B4650465946F1F780FB4446324652
:10EB90003B466BE682468B4629E600BF0000F0BF8D
:10EBA0000000F03F000000002DE9F84357EC116B26
:10EBB0007342DFF87C8127F00042334342EAD3738B
:10EBC000434551EC100B354609D8444221F000432F
:10EBD000044343EAD47444458E46814607D93246FD
:10EBE0003B46F1F753FB41EC100BBDE8F88307F10E
:10EBF000404404F58014344303D1BDE8F84300F0E9
:10EC0000E3BFBC1704F0020453EA090944EAD174D3
:10EC100007D1022C5FD0032CE5D143A1D1E900013B
:10EC2000E1E7154306D1BEF1000F5FDB36A1D1E964
:10EC30000001D8E742450FD1934204F1FF3407D1D8
:10EC4000022C4CD8364B03EBC403D3E90001CAE7CE
:10EC5000022C48D8334BF6E74345E4D09B1AB3F176
:10EC6000747F4FEA23521EDA002F01DA3C321EDB9A
:10EC700032463B46F1F7EAFD41EC100B01F03CF95E
:10EC800000F0A2FF51EC100B012C13D0022C15D078
:10EC9000002CA8D018A3D3E90023F1F7F5FA18A3A4
:10ECA000D3E9002314E018A1D1E90001ECE700202A
:10ECB0000021E9E701F10043194694E70EA3D3E9E7
:10ECC0000023F1F7E1FA02460B460DA1D1E900015C
:10ECD000F1F7DAFA87E70AA1D1E9000183E70CA18D
:10ECE000D1E900017FE7002000217CE70AA1D1E9FA
:10ECF000000178E7AFF30080075C143326A6A13C3F
:10ED0000182D4454FB210940182D4454FB21F93F90
:10ED1000182D4454FB21E93F182D4454FB21F9BF21
:10ED20002818010810180108182D4454FB2109C0A7
:10ED30000000F07F000000002DE9F04F91B08DED54
:10ED4000001BDDE9001929F0004A5AEA010057ECDE
:10ED5000106B13D1B31987F40022524198429A4B99
:10ED6000934180F0EE84DDE9002330463946F1F727
:10ED70008DFA41EC100B11B0BDE8F08F934A27F0EB
:10ED800000459542B84633460AD804D1002EEAD150
:10ED9000AA45E8D801E0924502D892450FD171B159
:10EDA00008F1404808F5801858EA0308DBD1DDE98E
:10EDB0000032DB1882F4002252419845CFE7B8F1C7
:10EDC000000FAB4643DA824A924556D8A2F15472FC
:10EDD000924540F2C5844FEA2A52A2F2FF32142A29
:10EDE00018DDC2F1340221FA02F404FA02F28A4276
:10EDF00040F0B68404F00104C4F10204002959D1A2
:10EE0000B9F1804F48D132463B4630463946F1F79A
:10EE1000F3FBAEE700294CD1C2F114024AFA02F426
:10EE200004FA02F2524540F0988404F00104C4F15F
:10EE30000204684A9245E3D1B9F1000F80F2898457
:10EE4000644932463B460020F1F700FD91E700247B
:10EE500081BB5E4A9245ECD105F1404202F5801239
:10EE60001A4300F06E845C4B9D4208D9B9F1000F43
:10EE700080F26B84002000217BE70224E8E7B9F1EF
:10EE8000000F4FF000004FF00001BFF672AFDDE958
:10EE9000000303F100416CE7504A91450AD1B8F1F3
:10EEA000000F07DB47EC106B11B0BDE8F04FFFF728
:10EEB000A1BB002447EC106B029301F01DF8029BEC
:10EEC00051EC100B43BB434B28F040429A4200D018
:10EED00015BBB9F1000F05DA02460B4600203D498B
:10EEE000F1F7B4FCB8F1000FBFF643AF05F14045B0
:10EEF00005F58015254308D102460B4610461946F4
:10EF0000F1F7C2F902460B469EE7012C7FF431AFC0
:10EF100001F1004319462CE74FEAD873013B53EA4D
:10EF2000040202D132463B46E8E7013C1C4316D0BE
:10EF30009FED217BBAF1844F8DED027B40F2108171
:10EF4000274B9A45244B16D99D420BD8B9F1000F97
:10EF50000BDA002011B0BDE8F04F01F085B89FED4D
:10EF6000187BE7E7B9F1000FF3DC002011B0BDE832
:10EF7000F04F01F071B89D420CD2DDE90201002290
:10EF80000023F1F7ABFD003818BF0120B9F1000FE5
:10EF9000ECDADFE70F4B9D424FF0000222D9DDE9AA
:10EFA00002010023F1F79AFD003818BF0120B9F1E2
:10EFB000000FCFDCDAE700BF000000000000F03FE8
:10EFC000000000000000F0BF0000F0FF0000F07F34
:10EFD000FFFF3F430000F03FFFFFEF3F0000E03F37
:10EFE0000000F0435A4BF1F74FF951A3D3E9002346
:10EFF00004460D46F1F700FB4FA3D3E90023064674
:10F000000F4620462946F1F7F7FA524B82468B46C7
:10F01000002220462946F1F7EFFA02460B4648A1A6
:10F02000D1E90001F1F730F922462B46F1F7E4FA75
:10F0300002460B4600204849F1F726F92246804651
:10F0400089462B4620462946F1F7D6FA02460B465A
:10F0500040464946F1F7D0FA3BA3D3E90023F1F744
:10F06000CBFA02460B4650465946F1F70DF90246D7
:10F070000B468046894630463946F1F707F90024A9
:10F0800032463B4620460D46F1F7FEF802460B4657
:10F0900040464946F1F7F8F8DDE90023CDE90423BD
:10F0A00000230493DDE904AB06460F465B46524657
:10F0B000DDE90001F1F7E8F822462B46F1F79CFA6A
:10F0C000DDE900238046894630463946F1F794FA57
:10F0D00002460B4640464946F1F7D8F85B460646DD
:10F0E0000F46524620462946F1F786FA0B4602465D
:10F0F0008046894630463946F1F7C8F8174B9942A1
:10F1000004460D468B4640F30B8201F13F4303F565
:10F11000E003034300F0EA81DDE90201002200235D
:10F12000F1F7DCFC003818BF012013E7AFF30080D3
:10F13000000000604715F73F44DF5DF80BAE543E1A
:10F14000555555555555D53FFE822B654715F73F0B
:10F150000000F03F0000D03F0000E03FFFFF8F4085
:10F16000D54B08EA030300222BB9D44BF1F744FA3C
:10F170006FF034028B464FEA2B53A3F2FF33134454
:10F180000A93CF4BCBF3130B4BF07F559B4545F4C4
:10F19000401508DDCB4B9B4540F3A5810A9B01330D
:10F1A0000A93A5F580154FF0000A4FEACA030B93A6
:10F1B000C54B03EBCA0393ED007B294653EC172B99
:10F1C0008DED067BCDE90801F1F75EF8DDE9082356
:10F1D00006460F46DDE90601F1F758F802460B46F0
:10F1E0000020BA49F1F732FBCDE90C0102460B468B
:10F1F00030463946F1F700FACDE90401DDE904BCF7
:10F200006D1045F000554FF0000B05F500256146E7
:10F21000002205EB8A435846E146CDE90EBC144670
:10F220001D46F1F7E9F902460B4630463946F1F73B
:10F230002BF8DDE9062306460F4620462946F1F75E
:10F2400023F802460B46DDE90801F1F71DF85A469E
:10F250004B46F1F7D1F902460B4630463946F1F7F5
:10F2600013F8DDE90C23F1F7C7F9DDE90423CDE953
:10F27000060110461946F1F7BFF97DA3D3E9002333
:10F2800004460D46F1F7B8F97BA3D3E90023F0F764
:10F29000FDFF22462B46F1F7AFF979A3D3E900230E
:10F2A000F0F7F4FF22462B46F1F7A6F976A3D3E94F
:10F2B0000023F0F7EBFF22462B46F1F79DF974A3EC
:10F2C000D3E90023F0F7E2FF22462B46F1F794F949
:10F2D00071A3D3E90023F0F7D9FF224606460F4673
:10F2E0002B4620462946F1F787F902460B46304661
:10F2F0003946F1F781F95A4604460D464B46DDE999
:10F300000401F0F7C3FFDDE90623F1F775F92246A2
:10F310002B46F0F7BBFF5A46CDE908014B4658464D
:10F320004946F1F769F96A4B002206460F46F0F7A5
:10F33000ADFFDDE90823F0F7A9FFD846DDE90EBCF3
:10F340000D465A460B4640464946CDE90CBCF1F7FE
:10F3500053F95C46804689465D4B0022204629468B
:10F36000F0F792FF32463B46F0F78EFF02460B461F
:10F37000DDE90801F0F788FFDDE90423F1F73CF946
:10F38000224606460F462B46DDE90601F1F734F921
:10F3900002460B4630463946F0F778FF06460F46E0
:10F3A00002460B4640464946F0F770FFDDE90CBCCB
:10F3B0003BA3D3E900235846CDE908BC0D46F1F73D
:10F3C0001BF95C46CDE9040142464B4620462946DE
:10F3D000F0F75AFF02460B4630463946F0F754FF25
:10F3E00031A3D3E90023F1F707F931A3D3E90023CF
:10F3F00006460F4620462946F1F7FEF802460B4620
:10F4000030463946F0F742FF0B9A324B1344D3E9AA
:10F410000023F0F73BFFCDE906010A98F1F782F8E7
:10F420000B9A2D4B1344D3E900890646DDE90623E8
:10F430000F46DDE90401F0F729FF42464B46F0F79D
:10F4400025FF32463B46F0F721FFDDE908BC324696
:10F450003B4658460D46F0F717FF42464B46F0F73D
:10F4600013FFDDE90423F0F70FFF5C4636E000BF31
:10F47000EF4E454A287ECA3F65DBC9934A86CD3F99
:10F4800001411DA96074D13F4D268F515555D53F7F
:10F49000FFAB6FDBB66DDB3F033333333333E33F17
:10F4A000000000E009C7EE3FFD033ADC09C7EE3F6C
:10F4B000F5015B14E02F3EBE0000F07F00004043EA
:10F4C0008E98030079B60B00601801080000F03F29
:10F4D00000000840401801085018010802460B4679
:10F4E000DDE90601D6E54FF0010A5EE6B5A3D3E9F2
:10F4F000002330463946F0F7C9FE4246CDE9000107
:10F500004B4620462946F0F7BFFE02460B46DDE992
:10F510000001F1F701FB00287FF4FEADA24B22E0D1
:10F52000A24C21F00043A34219D9A14B0B44034341
:10F5300009D0DDE9020100220023F1F7CFFA0038FB
:10F5400018BF012012E542464B46F0F79DFE3246B9
:10F550003B46F1F7D7FA0028EBD1964B03E0964AE9
:10F56000934240F2E7801B15A3F2FE334FF4801A5A
:10F570004AFA03FADA44CAF30A519048A1F2FF3179
:10F58000084100EA0A03CAF3130AC1F114014AF45C
:10F59000801A4AFA01FABBF1000F404649464FF083
:10F5A0000002B8BFCAF1000AF0F76EFE8046894635
:10F5B00032463B4640464946F0F768FE00246AA3BF
:10F5C000D3E9002320460D46F1F716F84246CDE96F
:10F5D00000014B4620462946F0F756FE02460B46F0
:10F5E00030463946F0F750FE61A3D3E90023F1F726
:10F5F00003F861A3D3E900238046894620462946C3
:10F60000F0F7FAFF02460B4640464946F0F73EFE49
:10F6100004460D4602460B46DDE90001F0F736FED2
:10F62000DDE9002380468946F0F72EFE02460B46B0
:10F6300020462946F0F728FE424606460F464B462E
:10F6400040464946F0F7D8FF4DA3D3E900230446CE
:10F650000D46F0F7D1FF4CA3D3E90023F0F714FED9
:10F6600022462B46F0F7C8FF49A3D3E90023F0F761
:10F670000DFE22462B46F0F7BFFF47A3D3E9002338
:10F68000F0F702FE22462B46F0F7B6FF44A3D3E97B
:10F690000023F0F7FBFD22462B46F0F7ADFF0246B4
:10F6A0000B4640464946F0F7EFFD04460D4602463C
:10F6B0000B4640464946F0F79FFF0022CDE9000186
:10F6C0004FF0804320462946F0F7DEFD02460B4608
:10F6D000DDE90001F1F7BAF8324604460D463B4633
:10F6E00040464946F0F788FF32463B46F0F7CEFDEC
:10F6F00002460B4620462946F0F7C6FD42464B46D9
:10F70000F0F7C2FD0B4602462D490020F0F7BCFD84
:10F7100041EC100B10EE903A03EB0A53B3F5801F47
:10F720000BDA504600F0F0FB51EC100BDDE9022340
:10F73000FFF76DBBDDF810A03AE751EC100B19464E
:10F74000F4E71F490020FFF714BBDDE90001FFF7D4
:10F7500010BB30463946FFF70CBB0C46FFF769BBC0
:10F760000024FFF74BBB00BF00000000432EE63F24
:10F77000EF39FAFE422EE63F396CA80C615C20BEE0
:10F78000D0A4BE726937663EF16BD2C541BDBB3EA7
:10F790002CDE25AF6A56113F93BDBE166CC1663F85
:10F7A0003E5555555555C53F00009040FFCB904004
:10F7B00000346F3F00CC90400000E03F0000F0FFBD
:10F7C0000000F03FFE822B654715973C00000000CB
:10F7D0002DE9F04F57EC106BC54B8DB027F000486A
:10F7E00098450446049707D80022002380ED000BBB
:10F7F000C0E90223002528E0BE4B984578D8049B39
:10F80000BD4D002B3046ACA3D3E90023394638DD8B
:10F81000F0F73AFDA84506460F461AD0A8A3D3E94B
:10F820000023F0F731FD02460B46804689463046FC
:10F830003946F0F729FDA2A3D3E90023F0F724FD10
:10F84000C4E90089C4E90201012528460DB0BDE8DC
:10F85000F08F9DA3D3E90023F0F716FD9CA3D3E915
:10F86000002306460F46F0F70FFD02460B46804682
:10F87000894630463946F0F707FD95A3D3E90023C2
:10F88000DCE7F0F703FDA84506460F4618D08CA329
:10F89000D3E90023F0F7FAFC02460B46804689467E
:10F8A00030463946F0F7F0FC85A3D3E90023F0F7A2
:10F8B000EDFC4FF0FF35C4E90089C4E90201C4E75B
:10F8C00081A3D3E90023F0F7E1FC81A3D3E900236E
:10F8D00006460F46F0F7DAFC02460B46804689469C
:10F8E00030463946F0F7D0FC79A3D3E90023DEE7B0
:10F8F000824B984500F2D18000F0FEFA57EC106B75
:10F9000075A3D3E9002330463946F0F775FE7C4BEA
:10F910000022F0F7BBFCF1F71FF90546F0F702FEF5
:10F9200002460B46CDE9022363A3D3E90023F0F797
:10F9300063FE02460B4630463946F0F7A5FC60A34D
:10F94000D3E9002382468B46DDE90201F0F754FE3D
:10F950001F2D06460F460CDC6A4B6A1E53F82230F8
:10F96000434506D032463B4650465946F0F78CFC9C
:10F970000EE03B46324650465946F0F785FC4FEACA
:10F9800028530593C1F30A53C3EB1853102B02DC21
:10F99000C4E9000139E04CA3D3E90023DDE9020109
:10F9A000F0F72AFE06460F4602460B4650465946D9
:10F9B000F0F76AFC02460B46804689465046594697
:10F9C000F0F762FC32463B46F0F75EFC40A3D3E919
:10F9D000002306460F46DDE90201F0F70DFE324630
:10F9E0003B46F0F751FC02460B4606460F464046A2
:10F9F0004946F0F749FC059AC1F30A53D31A312B53
:10FA000020DCC4E90001C246CB46D4E90089504657
:10FA100042464B465946F0F737FC3B463246F0F734
:10FA200033FC049B002BC4E90201BFF60EAF09F1C1
:10FA30000043636001F10043C4F80080A060E3600C
:10FA40006D4202E726A3D3E90023DDE90201F0F7C6
:10FA5000D3FD06460F4602460B4640464946F0F7A0
:10FA600013FC02460B4682468B4640464946F0F759
:10FA70000BFC32463B46F0F707FC1BA3D3E90023FF
:10FA800006460F46DDE90201F0F7B6FD32463B4679
:10FA9000F0F7FAFB06460F4664E71B4B984535D94D
:10FAA00032463B4630463946F0F7EEFBC4E90201E8
:10FAB000C4E900019EE600BF00004054FB21F93F6D
:10FAC0003163621A61B4D03D0000601A61B4D03D68
:10FAD0007370032E8A19A33B83C8C96D305FE43F5E
:10FAE0000000002E8A19A33BC14920259A837B3947
:10FAF000FB21E93F7BD90240FB21F93FFB21394142
:10FB00000000E03F70180108FFFFEF7F4FEA285523
:10FB1000A5F21645A8EB055130460F46F1F71CF843
:10FB2000F0F700FD02460B4630463946CDE9062384
:10FB3000F0F7AAFB224B0022F0F75EFD0F460646C7
:10FB4000F1F70AF8F0F7EEFC02460B46304639466C
:10FB5000CDE90823F0F798FB194B0022F0F74CFD94
:10FB6000CDE90A010DF130094FF003080026002706
:10FB700079E9020132463B46C24608F1FF38F0F708
:10FB8000A3FF0028F4D10F4B0193022300932A46D0
:10FB90005346214606A800F06FFA049B002B054649
:10FBA000BFF653AED4E9002101F10043C4E90023BC
:10FBB000D4E9022101F10043C4E9022340E700BF78
:10FBC00000007041F01801082DE9F84F55EC104B7A
:10FBD000BF4B25F000469E42AB4618D9BD4B9E4216
:10FBE00001D809D144B122462B4620462946F0F7D8
:10FBF0004DFB04460D4606E0BBF1000F40F32B81A0
:10FC000097A5D5E9004545EC104BBDE8F88FB24B00
:10FC10009E4213D8A3F1DE739E420CD892A3D3E97F
:10FC2000002320462946F0F731FBAC4B0022F0F7C9
:10FC300073FF0028E7D14FF0FF3A29E000F05CF9AC
:10FC4000A74B9E4255EC104B00F2BC80A3F550230D
:10FC50009E4200F29E8022462B4620462946F0F71F
:10FC600015FB9E4B0022F0F70FFB002206460F46C5
:10FC70004FF0804320462946F0F708FB02460B462A
:10FC800030463946F0F7E2FD4FF0000A04460D46D3
:10FC900022462B4620462946F0F7AEFC02460B468C
:10FCA00080468946F0F7A8FC71A3D3E900230646F5
:10FCB0000F46F0F7A1FC70A3D3E90023F0F7E6FAB2
:10FCC00032463B46F0F798FC6DA3D3E90023F0F7EA
:10FCD000DDFA32463B46F0F78FFC6BA3D3E90023F5
:10FCE000F0F7D4FA32463B46F0F786FC68A3D3E936
:10FCF0000023F0F7CBFA32463B46F0F77DFC66A3D3
:10FD0000D3E90023F0F7C2FA42464B46F0F774FC01
:10FD100063A3D3E900238046894630463946F0F78D
:10FD20006BFC61A3D3E90023F0F7AEFA32463B4601
:10FD3000F0F762FC5EA3D3E90023F0F7A5FA3246A0
:10FD40003B46F0F759FC5CA3D3E90023F0F79CFA9B
:10FD500032463B46F0F750FC59A3D3E90023F0F7B5
:10FD600093FA32463B46F0F747FC02460B464046C4
:10FD70004946F0F78BFA22462B46F0F73DFCBAF1E4
:10FD8000FF3F02460B4648D120462946F0F77CFA51
:10FD90002FE7524B002220462946F0F775FA4F4BC9
:10FDA00006460F46002220462946F0F76FFA024623
:10FDB0000B4630463946F0F749FD4FF0010A04463C
:10FDC0000D4665E7474B9E421CD2474B002220461A
:10FDD0002946F0F759FA444B06460F4600222046C2
:10FDE0002946F0F709FC3D4B0022F0F74FFA024696
:10FDF0000B4630463946F0F729FD4FF0020A04461B
:10FE00000D4645E722462B4638490020F0F71EFDF7
:10FE10004FF0030A04460D463AE7354B354E03EBE7
:10FE2000CA03D3E90023F0F72FFA22462B46F0F756
:10FE30002BFA06EBCA0602460B46D6E90001F0F79C
:10FE400023FABBF1000F04460D46BFF6DCAE01F10C
:10FE500000431D46D7E61CA5D5E90045D3E600BF03
:10FE6000182D4454FB21F93F9C7500883CE4377EF3
:10FE700011DA22E33AAD903FEB0D76244B7BA93F9C
:10FE8000513DD0A0660DB13F6E204CC5CD45B73F6A
:10FE9000FF8300922449C23F0D5555555555D53F16
:10FEA0002F6C6A2C44B4A2BF9AFDDE522DDEAD3F0A
:10FEB0006D9A74AFF2B0B33F711623FEC671BC3FAA
:10FEC000C4EB98999999C93F182D4454FB21F9BF67
:10FED000FFFF0F440000F07FFFFFDB3F0000F03F1B
:10FEE000FFFFF23F008003400000F83F0000F0BF3A
:10FEF000F8190108181A010851EC100B024621F0FC
:10FF0000004343EC102B704770B555EC104BC5F314
:10FF10000A5106462B4691B925F0004323433BD0B6
:10FF2000334B204629460022F0F766FB314B9E42B8
:10FF300004460D460FDA26A3D3E900231EE040F263
:10FF4000FF7291420BD1224620462946F0F79EF9D6
:10FF500004460D4620E00B46C1F30A5136394CF2F7
:10FF6000503296420DDD002D1BA1D1E9000102DACD
:10FF70001BA1D1E9000118A3D3E90023F0F73CFB52
:10FF8000E6E7721840F2FE718A42ECDC002A06DDD8
:10FF90006FF31E5343EA025545EC104B70BD12F14E
:10FFA000350F08DA002D0AA1D1E90001C3DA0EA14C
:10FFB000D1E90001BFE736326FF31E5343EA025521
:10FFC00020460D4B29460022D8E700BFAFF3008042
:10FFD00059F3F8C21F6EA5019C7500883CE4377E7A
:10FFE0009C7500883CE437FE59F3F8C21F6EA5816A
:10FFF00000005043B03CFFFF0000903C10B52DEDD9
:020000040801F1
:10000000028BB0EE408AF0EE608A0446FCF706FAF6
:10001000B0EE480AF0EE680ABDEC028B046010BD39
:10002000034607B551EC100B83B1024601F10043C2
:10003000CDE90023DDE90023F0F7DEFA41EC100BF7
:10004000222003B05DF804EBFFF7D8BF02460B4651
:10005000EEE70000000000009FED010BFFF7E0BF9E
:1000600000000000000000109FED010BFFF7D8BF5B
:1000700000000000000000702DE9F04F2DED028B14
:10008000ADF5197D12F1140F06930491C24BA4999A
:10009000089053F821300093069B03F1FF33A8BF6B
:1000A000D41E0593B2BF0024182394FBF3F46FF021
:1000B000170304FB033303EB020B009B059A9FED30
:1000C000B28B03EB0208A59BA71A20AE03EB8709AE
:1000D0000025454512DD069B20AA02EBC3050DF560
:1000E000E07A0027009B9F422EDC9FEDA77BDDF886
:1000F00020908DED027BA84600261BE0EF4207D43E
:1001000059F82500F0F70EFAE6E802010135E0E7BC
:1001100051EC180BF8E778E90223F9E80201F0F74F
:100120006BFA02460B46DDE90201F0F7AFF8CDE9C4
:1001300002010136059B9E42EDDD9DED027B0137FC
:10014000AAEC027B0835CDE7009BDDF800800CAA05
:1001500002EB83030A93A59B03EB840309934FEA05
:10016000C8030B9398AB03EBC80313ED287B8DED0D
:10017000027B0CAC70AB03EBC805A146C246BAF1DA
:10018000000F77DC58469DED020BFFF7BDFE57ECE4
:10019000106B00224FF07F5330463946F0F72CFAAF
:1001A00041EC100B00F0B8FA7C4B51EC100B002224
:1001B000F0F722FA02460B4630463946F0F764F86B
:1001C0000F460646F0F7C8FC0290F0F7ABF902467E
:1001D0000B4630463946F0F757F8BBF1000F06469C
:1001E0000F466CDD08F1FF310CAB029D53F8213056
:1001F000CBF1180043FA00F2154482409B1A0CAA76
:10020000029542F82130CBF1170243FA02F9B9F115
:10021000000F64DD029B00220133029315466FF04C
:100220007F41904500F3A180BBF1000F07DDBBF1DA
:10023000010F00F0C180BBF1020F00F0C880B9F1DE
:10024000020F4CD132463B4655490020F0F71CF8CE
:1002500006460F46002D42D058469FED4D0BFFF746
:1002600053FE3046394653EC102BF0F70DF8064696
:100270000F4634E04B4B0022DDE90201F0F7BCF9F8
:10028000F0F76AFCF0F74EF9474B002206460F469E
:10029000F0F7B2F902460B46DDE90201EFF7F4FF91
:1002A000F0F75AFC75E9022349F8040B3946304649
:1002B000EFF7ECFF0AF1FF3ACDE902015FE707D162
:1002C00008F1FF330CAA52F823304FEAE3599EE7B6
:1002D000364B0022F0F716FC002843D1814600225D
:1002E000002330463946F0F7EFFB002800F0C180CC
:1002F00008F1FF33002200998B4270DA002A00F0E7
:100300008B8008F1FF380CABABF1180B53F8283099
:10031000002BF6D058469FED1E0BFFF7F5FD08F1B8
:100320000103DA00059255EC104B70AADFF874B0A7
:1003300002EBC30746464FF0000A002E80F2D18040
:100340004446002CC0F2FF80194B1F4670AB03EBF4
:10035000C40306934FF0000A4FF0000B0026A8EBF1
:100360000405E4E04FF0020954E754F8043B0DBBE8
:1003700023B1C3F1807344F8043C012301321D46CC
:100380004FE700BFAFF30080000000000000000056
:10039000000000000000F03F781A01080000204033
:1003A0000000F03F0000703E000070410000E03FA0
:1003B000381A0108CB1ADEE708F1FF320CAB53F80C
:1003C0002230C3F316030CA941F8223037E708F1B5
:1003D000FF320CAB53F82230C3F31503F3E70CA93B
:1003E00051F82310013B0A4385E7013453F8042DEB
:1003F000002AFAD00B9B03F518730DEB0305069B3F
:1004000020AA434408F10107983D02EBC306444487
:10041000BC4204DAA046A2E60A9B0124E6E7099B57
:1004200053F82700F0F77EF89FEDAF7BE6E8020176
:100430008DED027BDDF82090B2464FF00008059B61
:10044000984505DD9DED027B0137A5EC027BDFE7DA
:100450007AE90223F9E80201F0F7CEF802460B46EA
:10046000DDE90201EFF712FF08F10108CDE9020111
:10047000E5E7CBF1000047EC106BFFF745FD55ECCD
:10048000104B9B4B002220462946F0F73BFB00B364
:10049000984B002220462946F0F7AEF8F0F75CFBB7
:1004A0000646F0F73FF8924B0022F0F7A5F80B460E
:1004B000024629462046EFF7E7FEF0F74DFB0CAB6E
:1004C0000BF1180B43F8280008F1010843F82860E5
:1004D00020E720462946F0F73FFB0CAB43F8280005
:1004E00018E70CAB53F82600F0F71CF822462B4611
:1004F000F0F782F8524667E902015B46204629463A
:10050000F0F77AF8013E04460D4616E70699F1E841
:1005100002230691F7E80201F0F76EF802460B4657
:1005200050465946EFF7B2FE013682468B46009B95
:100530009E4201DCAE42E9DD48AB03EBC505C5E9EF
:1005400000AB013CFDE6A49B022B0BDC002B35DC51
:1005500059D0029B03F007000DF5197DBDEC028B0D
:10056000BDE8F08FA49B032BF3D1059B03F5187313
:100570000DEB0304A4F5A4742546C246BAF1000F9E
:1005800069DC4546012D00F38780059C48AB1C447F
:1005900000200021B8F1010F00F39C80DDE94856EE
:1005A000DDE94A78B9F1000F40F0A680049BC3E969
:1005B0000056C3E90278C3E90401CAE7059D48ABC8
:1005C0001D44444600200021002C35DAB9F1000F0B
:1005D00038D0024601F10043049CC4E900230246DE
:1005E0000B46DDE94801EFF74FFE4AAD0124A04577
:1005F0002BDAB9F1000F02D001F100431946049B38
:10060000C3E90201A5E7059C48AB1C44002000217A
:10061000B8F1000F09DAB9F1000F02D001F100437F
:100620001946049BC3E9000193E774E90223EFF73D
:100630002DFE08F1FF38EBE775E90223EFF726FE00
:10064000013CC1E702460B46C6E7F5E80223EFF797
:100650001DFE0134CBE735ED027B8DED007B95ED82
:10066000027BDDE9000153EC172B8DED067BEFF7E4
:100670000DFE02460B4606460F46DDE90001EFF788
:1006800003FEDDE90623EFF701FE0AF1FF3AC5E9B3
:100690000201C5E9006771E734ED027BD4E902ABE2
:1006A00051EC170B52465B468DED007BEFF7EEFDEC
:1006B00002460B4606460F46DDE90001EFF7E4FD72
:1006C00052465B46EFF7E2FD013DC4E90201C4E991
:1006D000006757E774E90223EFF7D8FD08F1FF3808
:1006E00058E700BFAFF300800000000000000000EA
:1006F000000070410000703E049B049A1D6006F1EA
:1007000000445C609F6008F10043D36001F1004346
:10071000106153611DE700BF51EC100BC1F30A5388
:100720002DE9F041A3F2FF36132E0C460546804614
:1007300034DC002E17DA32A3D3E90023EFF7A6FD4D
:1007400000220023F0F7E8F950B1002C55DA24F02C
:1007500000442C430025AC422B4C08BF4FF0004412
:100760002146284623E0294F374101EA0703034386
:100770001DD023A3D3E90023EFF788FD0022002337
:10078000F0F7CAF90028EBD0002CBEBF4FF480135D
:100790003341E41824EA07040025E1E7332E0ADD9B
:1007A000B6F5806F03D102460B46EFF76FFD41ECC3
:1007B000100BBDE8F081A3F213434FF0FF37DF4089
:1007C0000742F4D00EA3D3E90023EFF75FFD002228
:1007D0000023F0F7A1F90028C2D0002C0ADA142E69
:1007E00001D1013406E0C6F134060123B3401D44B3
:1007F0004545F6D325EA0705B2E700252C46AFE7C5
:100800009C7500883CE4377E0000F0BFFFFF0F00BE
:10081000F8B500BFF8BC08BC9E467047F8B500BFED
:08082000F8BC08BC9E467047BD
:100828004F444F4D5F52455345540D0A0000000098
:100838004152523D256C7520434352313D256C751C
:1008480020434352333D256C7520424454523D3079
:10085800782530386C5820434345523D3078253050
:10086800386C58204352313D30782530386C582048
:1008780043434D52313D30782530386C582043433E
:100888004D52323D30782530386C580D0A00000042
:100898006779726F5A207261773D252E326620641F
:1008A80070730D0A00000000454E43204C3D256C36
:1008B8006420523D256C640D0A0000005072657377
:1008C800732055534552207768656E2072656164C0
:1008D800792E2E2E0000000043616C6962726174EB
:1008E800696E672E2E2E000043616C696272617416
:1008F800696F6E20646F6E652E0000004163746935
:1009080076652E00414C4956450D0A004425362E81
:1009180032660A00706F733D252E3266636D207C47
:1009280020763D252E3266636D2F732028726177FD
:100938003D252E326629207C207461726765743DDE
:10094800252E3266207C20643D252E3266207C20B0
:100958007072696D65643D25750D0A006D6F746F61
:10096800725F7365744472697665286469723D259F
:10097800642C2073706565643D2575290D0A000097
:10098800415252393D256C752041525231303D2536
:100998006C752041525231313D256C75207C2041C7
:1009A8005F494E31285042392C5431314331293D69
:1009B800256C7520415F494E32285042382C5431FD
:1009C800304331293D256C75207C20425F494E31EA
:1009D800285045362C54394331293D256C75204221
:1009E8005F494E32285045352C54394332293D252C
:1009F8006C75207C206469723D25640D0A00000036
:100A080000000000000000000102030406070809B6
:100A180000000000010203040000000000000000C4
:100A280000000000000000003F400000000000003F
:100A380000003000400030004000000009000BC0FA
:100A48003D000BC03D00090018C024407FE0224053
:100A580031800000180024C01B000D803240018046
:100A680003801C4027401C800740004010006000A5
:100A780000000000000000000000000000001F80CF
:100A8800204040200000402020401F80000000003F
:100A9800090006001F800600090000000400040089
:100AA8003F80040004000000001000600000000007
:100AB800000000000400040004000400040000001A
:100AC800000000400000000000000000002001C0FD
:100AD80006003800400000001F80204020402040D1
:100AE8001F800000000010403FC0004000000000D0
:100AF80018C02140224024401840000010802040A7
:100B0800244024401B80000002000D0011003FC05B
:100B1800014000003C802440244024402380000001
:100B28001F8024402440344003800000300020000F
:100B380027C03800200000001B80244024402440A7
:100B48001B8000001C0022C0224022401F800000A1
:100B58000000000008400000000000000000000045
:100B68000460000000000000000004000A001100FA
:100B78002080404009000900090009000900000020
:100B880000004040208011000A00040018002000E6
:100B980023402400180000001F80204027402940DF
:100BA8001F400000004007C039000F0001C000408E
:100BB80020403FC0244024401B8000001F8020406C
:100BC800204020403080000020403FC0204020408E
:100BD8001F80000020403FC024402E4030C000004D
:100BE80020403FC024402E00300000000F0010803D
:100BF800204022403380020020403FC0040004000F
:100C08003FC02040204020403FC0204020400000FE
:100C18000060202020203FC02000200020403FC04E
:100C280024400B0030C0204020403FC020400040FE
:100C3800004000C03FC03C0003C03C003FC0000073
:100C480020403FC00C4023003FC020001F802040B0
:100C5800204020401F80000020403FC02440240046
:100C6800180000001F802140214020E01FA0000044
:100C780020403FC02440260019C0004018C024402E
:100C88002440224031800000300020403FC02040F6
:100C98003000000020003F80004000403F802000DE
:100CA80020003E0001C0070038002000380007C0BF
:100CB8003C0007C038000000204039C0060039C099
:100CC800204000002000384007C0384020000000C5
:100CD800304021C02640384020C0000000000000FD
:100CE8007FE0402040200000000070000C000380DE
:100CF800004000000000402040207FE0000000008D
:100D0800000020004000200000000000001000103B
:100D1800001000100010001000000000400000004B
:100D280000000000000002800540054003C00040AC
:100D380020003FC0044004400380000000000380FE
:100D480004400440064000000000038004402440A2
:100D58003FC00040000003800540054003400000FC
:100D6800000004401FC0244024402000000002E08E
:100D7800055005500650042020403FC004400400A0
:100D880003C000400000044027C0004000000000ED
:100D980000100010041027E00000000020403FC0B1
:100DA8000140070004C00440204020403FC00040EC
:100DB8000040000007C0040007C0040003C0000092
:100DC800044007C00440040003C000400000038042
:100DD8000440044003800000041007F0045004405D
:100DE80003800000000003800440045007F0001056
:100DF800044007C002400400040000000000064050
:100E08000540054004C00000000004001F800440A5
:100E180000400000040007800040044007C0004074
:100E28000400070004C0018006000400060001C099
:100E3800070001C006000000044006C0010006C00B
:100E4800044000000410071004E0018006000400BC
:100E58000000044005C006400440000000000000F7
:100E680004007BE040200000000000000000FFF0CC
:100E780000000000000040207BE0040000000000AB
:100E880040008000400020002000400000000000DA
:100E9800000000000000000000000000000000004A
:100EA80000001FCC000C000000000000000008003B
:100EB800300060000800300060000000022003FCE1
:100EC8001E20022003FC1E200220000000000E1835
:100ED80011043FFF10840C78000000000F001084FC
:100EE8000F3800C0077818840078000000780F8455
:100EF80010C411240E9800E400840008080068005B
:100F08007000000000000000000000000000000069
:100F1800000007E01818200440020000000040020A
:100F28002004181807E000000000000002400240FA
:100F380001800FF001800240024000000080008024
:100F480000800FF800800080008000000001000D84
:100F5800000E0000000000000000000000000080FB
:100F68000080008000800080008000800000000C6D
:100F7800000C000000000000000000000000000657
:100F8800001800600180060018002000000007F02B
:100F9800080810041004080807F0000000000804FE
:100FA80008041FFC000400040000000000000E0CF0
:100FB80010141024104411840E0C000000000C18AA
:100FC80010041104110412880C700000000000E0E5
:100FD8000320042408241FFC0024000000001F989C
:100FE800108411041104108810700000000007F02C
:100FF80008881104110418880070000000001C0003
:10100800100010FC13001C001000000000000E3837
:1010180011441084108411440E38000000000700A9
:10102800088C10441044088807F0000000000000F5
:101038000000030C030C000000000000000000008A
:101048000001010600000000000000000000008010
:1010580001400220041008081004000002200220A9
:1010680002200220022002200220000000001004BA
:1010780008080410022001400080000000000E0053
:101088001200100C106C10800F00000003E00C1808
:1010980013E4142417C4082807D000000004003CF7
:1010A80003C41C40074000E4001C000410041FFC9B
:1010B8001104110411040E880070000003E00C18DC
:1010C80010041004100410081C10000010041FFC69
:1010D800100410041004080807F0000010041FFC96
:1010E8001104110417C410040818000010041FFC90
:1010F8001104110017C010000800000003E00C18CC
:101108001004100410441C780040000010041FFC58
:1011180010840080008010841FFC1004000010045C
:1011280010041FFC1004100400000000000300015C
:10113800100110011FFE10001000000010041FFC19
:10114800110403801464181C1004000010041FFC10
:101158001004000400040004000C000010041FFC2C
:101168001F0000FC1F001FFC1004000010041FFCDF
:101178000C04030000E010181FFC100007F008081A
:10118800100410041004080807F0000010041FFCE5
:1011980010841080108010800F00000007F00818DD
:1011A80010241024101C080A07F2000010041FFC69
:1011B8001104110011C011300E0C000400000E1CA7
:1011C80011041084108410441C380000180010000A
:1011D80010041FFC100410001800000010001FF875
:1011E80010040004000410041FF8100010001E0072
:1011F80011E0001C007013801C0010001FC0103C80
:1012080000E01F0000E0103C1FC000001004180C94
:10121800163401C001C01634180C100410001C004C
:10122800130400FC13041C00100000000804101C28
:101238001064108413041C0410180000000000003F
:1012480000007FFE40024002400200000000300023
:101258000C0003800060001C000300000000400236
:10126800400240027FFE0000000000000000000075
:101278002000400040004000200000000001000164
:101288000001000100010001000100010000400010
:10129800400020000000000000000000000000984E
:1012A800012401440144014400FC000410001FFC17
:1012B800008801040104008800700000000000702C
:1012C8000088010401040104008800000000007087
:1012D80000880104010411081FFC0004000000F844
:1012E800014401440144014400C800000000010415
:1012F80001040FFC1104110411001800000000D6AD
:1013080001290129012901C90106000010041FFC57
:10131800008401000100010400FC00040000010435
:10132800190419FC00040004000000000000000378
:1013380000010101190119FE0000000010041FFC42
:101348000024004001B4010C010400000000100456
:1013580010041FFC0004000400000000010401FC4C
:101368000104010001FC0104010000FC010401FC6E
:10137800008401000100010400FC0004000000F8E2
:10138800010401040104010400F80000010101FF47
:10139800008501040104008800700000000000704E
:1013A800008801040104010501FF00010104010492
:1013B80001FC00840104010001800000000000CC51
:1013C80001240124012401240198000000000100E7
:1013D800010007F80104010400000000010001F801
:1013E800000400040004010801FC0004010001805D
:1013F8000170000C001001600180010001F0010C77
:10140800003001C00030010C01F0010000000104AF
:10141800018C00740170018C01040000010101813C
:101428000171000E001801600180010000000184B4
:10143800010C013401440184010C0000000000008B
:101448000000000001003EFC4002400200000000D5
:1014580000000000FFFF0000000000000000400244
:1014680040023EFC01000000000000000000600097
:10147800800080004000400020002000494E4600C7
:10148800696E66004E414E006E616E00300030316C
:1014980032333435363738394142434445460030D3
:1014A8003132333435363738396162636465660002
:1014B800496E66696E697479004E614E0052454501
:1014C8004E54206D616C6C6F632073756363656542
:1014D800646564002F6275696C642F676E752D747E
:1014E8006F6F6C732D666F722D73746D33325F314D
:1014F800332E332E72656C312E323032343039321D
:10150800362D313731352F7372632F6E65776C69DD
:10151800622F6E65776C69622F6C6962632F7374D2
:10152800646C69622F64746F612E630042616C6C35
:101538006F6320737563636565646564002F627506
:10154800696C642F676E752D746F6F6C732D666F81
:10155800722D73746D33325F31332E332E72656C96
:10156800312E32303234303932362D313731352F51
:101578007372632F6E65776C69622F6E65776C691D
:10158800622F6C6962632F7374646C69622F6D706B
:101598007265632E6300232D302B2000686C4C008D
:1015A800656667454647004300504F534958002E2B
:1015B800002C2066756E6374696F6E3A2000617343
:1015C80073657274696F6E202225732220666169C3
:1015D8006C65643A2066696C6520222573222C208C
:1015E8006C696E65202564257325730A0000000068
:1015F80005000000190000007D0000000000000048
:101608000080E03779C34143176E05B5B5B89346F6
:10161800F5F93FE9034F384D321D30F94877825AC2
:101628003CBF737FDD4F1575000000000000F03FE0
:1016380000000000000024400000000000005940A5
:101648000000000000408F40000000000088C340F8
:1016580000000000006AF8400000000080842E416D
:1016680000000000D01263410000000084D79741B9
:101678000000000065CDCD41000000205FA00242BF
:10168800000000E876483742000000A2941A6D4234
:10169800000040E59C30A2420000901EC4BCD64227
:1016A80000003426F56B0C430080E03779C34143D2
:1016B80000A0D8855734764300C84E676DC1AB4348
:1016C800003D9160E458E143408CB5781DAF154466
:1016D80050EFE2D6E41A4B4492D54D06CFF0804441
:1016E800F64AE1C7022DB544B49DD9794378EA4456
:1016F80000202020202020202020282828282820DA
:1017080020202020202020202020202020202020D1
:101718002088101010101010101010101010101039
:101728001004040404040404040404101010101029
:1017380010104141414141410101010101010101F3
:101748000101010101010101010101011010101045
:1017580010104242424242420202020202020202C5
:101768000202020202020202020202021010101019
:101778002000000000000000000000000000000041
:101788000000000000000000000000000000000051
:101798000000000000000000000000000000000041
:1017A8000000000000000000000000000000000031
:1017B8000000000000000000000000000000000021
:1017C8000000000000000000000000000000000011
:1017D8000000000000000000000000000000000001
:1017E80000000000000000000000000000000000F1
:1017F800000000000000000059F3F8C21F6EA501A8
:10180800000000000000F03F000000000000008021
:10181800182D4454FB210940182D4454FB2109C0BC
:10182800182D4454FB21E9BFD221337F7CD90240D3
:10183800D221337F7CD902C00000000000000000E4
:1018480006D0CF43EBFD4C3E000000000000000036
:101858000000004003B8E23F000000000000F03F35
:10186800000000000000F83FFB21F93FFB21094080
:101878007CD91240FB2119407A6A1F407CD922404A
:10188800BBFD2540FB2129403A462C407A6A2F406F
:101898005C4731407CD932409C6B3440BBFD3540BD
:1018A800DB8F3740FB2139401BB43A403A463C4075
:1018B8005AD83D407A6A3F404C7E40405C474140A0
:1018C8006C1042407CD942408CA243409C6B4440FF
:1018D800AC344540BBFD4540CBC64640DB8F474056
:1018E800EB584840FB21494083F9A200444E6E0062
:1018F800FC291500D1572700DD34F50062DBC00054
:101908003C999500419043006351FE00BBDEAB005B
:10191800B761C5003A6E2400D24D42004906E00086
:1019280009EA2E001C92D100EB1DFE0029B11C0013
:10193800E83EA700F535820044BB2E009CE98400F0
:10194800B4267000417E5F00D69139005383390078
:101958009CF439008B5F840028F9BD00F81F3B0018
:10196800DEFF97000F980500112FEF000A5A8B0031
:101978006D1F6D00CF7E360009CB2700464FB7009C
:101988009E663F002DEA5F00BA277500E5EBC700A9
:101998003D7BF100F739070092528A00FB6BEA00A1
:1019A8001FB15F00085D8D00300356007BFC4600C8
:1019B800F0AB6B0020BCCF0036F49A00E3A91D0001
:1019C8005E619100081BE60085996500A0145F0020
:1019D8008D40680080D8FF0027734D00060631004F
:1019E800CA561500C9A873007BE260006B8CC00062
:1019F800E2652F227F2B7A3C075C143326A6813CB4
:101A0800BDCBF07A8807703C075C143326A6913C5E
:101A18004FBB610567ACDD3F182D4454FB21E93FFE
:101A28009BF681D20B73EF3F182D4454FB21F93FED
:101A380000000040FB21F93F000000002D44743EE7
:101A4800000000809846F83C0000006051CC783BCC
:101A580000000080831BF0390000004020257A3800
:101A6800000000802282E336000000001DF3693583
:101A7800020000000300000004000000060000004F
:081A880048E7FE7F01000000A9
:041A9000B501000894
:041A940091010008B4
:101A98000000C8C100C05A450000C0C100E05D4553
:101AA8000000B8C1000061450000B0C100206445D5
:101AB8000000A8C1002064450000A0C1004067459F
:101AC800000098C100606A45000090C100806D4523
:101AD800000088C100A07045000080C100A07045CA
:101AE800000070C100C07345000060C100E0764589
:101AF800000050C100007A45000040C100207D452B
:101B0800000030C100207D45000020C10020804534
:101B1800000010C100B08145000000C100408345AD
:101B28000000E0C000D084450000C0C000D084455B
:101B38000000A0C000608645000080C000F0874516
:101B4800000040C000808945000000C000108B459F
:101B5800000080BF00108B45000000000000964583
:101B68000000803F00909745000000400020994504
:101B78000000404000B09A450000804000B09A45FF
:101B88000000A04000409C450000C04000D09D459A
:101B98000000E04000609F450000004100F0A045C3
:101BA8000000104100F0A045000020410080A2453F
:101BB800000030410010A4450000404100A0A545A8
:101BC800000050410030A745000060410030A745A3
:101BD8000000704100C0A845000080410050AA459F
:101BE8000000884100E0AB45000090410070AD4521
:101BF800000098410070AD450000A0410000AF45CD
:101C08000000A8410090B0450000B0410020B24556
:101C18000000B84100B0B3450000C04100B0B34572
:101C28000000C8410000C8450024F400100000006E
:101C3800010000000000000003000000C8100020A0
:101C4800B401002000000000C8100020301100205E
:101C580098110020000000000000000000000000B3
:101C6800000000000000000000000000000000006C
:101C7800000000000000000000000000000000005C
:101C8800000000000000000000000000000000004C
:101C980043000000000000000000000000000000F9
:101CA800000000000000000000000000000000002C
:101CB80043000000000000000000000000000000D9
:101CC800000000000000000000000000000000000C
:101CD80043000000000000000000000000000000B9
:101CE80000000000000000000000000000000000EC
:101CF8004300000000000000000000000000000099
:101D080000000000000000000000000000000000CB
:101D18004300000000000000000000000000000078
:101D280000000000000000000000000000000000AB
:101D38004300000000000000000000000000000058
:101D4800000000000000000000000000000000008B
:101D58004300000000000000000000000000000038
:101D6800000000000000000000000000000000006B
:101D7800F1DD000871DD000800000000F816010818
:101D8800B7150108F4150108F4150108F415010840
:101D9800F4150108F4150108F4150108F4150108F3
:101DA800F4150108F4150108FFFFFFFFFFFFFFFF0F
:101DB800FFFFFFFFFFFF00000100415343494900B7
:101DC800000000000000000000000000000000000B
:101DD8000000000000000000000041534349490092
:101DE80000000000000000000000000000000000EB
:0C1DF800000000000000000000000000DF
:0400000508005FDDB3
:00000001FF
